[
  {
    "id": 1,
    "time": 1587041636455,
    "name": "Duran Clayton",
    "designation": "UI/UX Designer",
    "stared": false,
    "phone": "+90014525",
    "company": "Business Development",
    "email": "john@gmail.com",
    "img": "static/img/users/1.png",
    "joining": "11 Jun 2020"
  },
  {
    "id": 2,
    "time": 1587041711525,
    "name": "David Milar",
    "designation": "UI/UX Designer",
    "stared": true,
    "phone": "+90014525",
    "company": "Business Development",
    "email": "john@gmail.com",
    "img": "static/img/users/2.png",
    "joining": "31 May 2021"
  },
  {
    "id": 3,
    "time": 1587041758255,
    "name": "Tom Curan",
    "designation": "UI/UX Designer",
    "stared": true,
    "phone": "+90014525",
    "company": "Business Development",
    "email": "john@gmail.com",
    "img": "static/img/users/1.png",
    "joining": "01 Apr 2021"
  },
  {
    "id": 4,
    "time": 1587041856695,
    "name": "Stuard Broad",
    "designation": "UI/UX Designer",
    "stared": false,
    "phone": "+90014525",
    "company": "Business Development",
    "email": "john@gmail.com",
    "img": "static/img/users/4.png",
    "joining": "31 May 2021"
  },
  {
    "id": 5,
    "time": 1587041880519,
    "name": "Crish Moris",
    "designation": "UI/UX Designer",
    "stared": false,
    "phone": "+90014525",
    "company": "Business Development",
    "email": "john@gmail.com",
    "img": "static/img/users/5.png",
    "joining": "15 Feb 2021"
  },
  {
    "id": 6,
    "time": 1587041932783,
    "name": "Salman But",
    "designation": "UI/UX Designer",
    "stared": false,
    "phone": "+90014525",
    "company": "Business Development",
    "email": "john@gmail.com",
    "img": "static/img/users/6.png",
    "joining": "21 Dec 2017"
  },
  {
    "id": 7,
    "time": 1587041957926,
    "name": "Mohammad Amir",
    "designation": "UI/UX Designer",
    "stared": false,
    "phone": "+90014525",
    "company": "Business Development",
    "email": "john@gmail.com",
    "img": "static/img/users/7.png",
    "joining": "31 May 2021"
  },
  {
    "id": 8,
    "time": 1587041979566,
    "name": "Musfiqur Rohim",
    "designation": "UI/UX Designer",
    "stared": false,
    "phone": "+90014525",
    "company": "Business Development",
    "email": "john@gmail.com",
    "img": "static/img/users/8.png",
    "joining": "11 May 2018"
  }
]
