{
  "data": [
    {
      "id": 1,
      "status": "Finish",
      "title": "Login",
      "icon": "user"
    },
    {
      "id": 2,
      "status": "Finish",
      "title": "Verification",
      "icon": "user-check"
    },

    {
      "id": 3,
      "status": "Process",
      "title": "Pay",
      "icon": "credit-card"
    },
    {
      "id": 4,
      "status": "Wait",
      "title": "Done",
      "icon": "smile"
    }
  ],
  "dataDescription": [
    {
      "id": 1,
      "title": "Finished",
      "description": "This is a description."
    },
    {
      "id": 2,
      "title": "In Progress",
      "description": "This is a description."
    },

    {
      "id": 3,
      "title": "Waiting",
      "description": "This is a description."
    }
  ],
  "steps": [
    {
      "id": 1,
      "title": "First",
      "content": "First-content"
    },
    {
      "id": 2,
      "title": "Second",
      "content": "Second-content"
    },
    {
      "id": 3,
      "title": "Last",
      "content": "Last-content"
    }
  ]
}
