{
  "data": [
    {
      "id": 1,
      "title": "Tab one",
      "tabTitle": "Tab one",
      "content": "Lorem ipsum dolor sit amet, consectetuer adipiscing elit. Aenean commodo ligula eget dolor tellus eget condimentum rhoncus. Aenean massa. Cum sociis natoque penatibus et magnis neque dis parturient montes, nascetur ridiculus mus. Donec quam felis, ultricies nec, pellentesque eu, pretium quis, sem. Nulla consequat massa quis enim. Donec pede justo, fringilla vel, aliquet nec, vulputate eget, arcu. In enim justo, rhoncus ut, imperdiet a, venenatis vitae, justo."
    },
    {
      "id": 2,
      "title": "Tab two",
      "tabTitle": "Tab two",
      "content": "Lorem ipsum dolor sit amet, consectetuer adipiscing elit. Aenean commodo ligula eget dolor tellus eget condimentum rhoncus. Aenean massa. Cum sociis natoque penatibus et magnis neque dis parturient montes, nascetur ridiculus mus. Donec quam felis, ultricies nec, pellentesque eu, pretium quis, sem. Nulla consequat massa quis enim. Donec pede justo, fringilla vel, aliquet nec, vulputate eget, arcu. In enim justo, rhoncus ut, imperdiet a, venenatis vitae, justo."
    },

    {
      "id": 3,
      "title": "Tab three",
      "tabTitle": "Tab three",
      "content": "Lorem ipsum dolor sit amet, consectetuer adipiscing elit. Aenean commodo ligula eget dolor tellus eget condimentum rhoncus. Aenean massa. Cum sociis natoque penatibus et magnis neque dis parturient montes, nascetur ridiculus mus. Donec quam felis, ultricies nec, pellentesque eu, pretium quis, sem. Nulla consequat massa quis enim. Donec pede justo, fringilla vel, aliquet nec, vulputate eget, arcu. In enim justo, rhoncus ut, imperdiet a, venenatis vitae, justo."
    },
    {
      "id": 4,
      "title": "Tab four",
      "tabTitle": "Tab four",
      "content": "Lorem ipsum dolor sit amet, consectetuer adipiscing elit. Aenean commodo ligula eget dolor tellus eget condimentum rhoncus. Aenean massa. Cum sociis natoque penatibus et magnis neque dis parturient montes, nascetur ridiculus mus. Donec quam felis, ultricies nec, pellentesque eu, pretium quis, sem. Nulla consequat massa quis enim. Donec pede justo, fringilla vel, aliquet nec, vulputate eget, arcu. In enim justo, rhoncus ut, imperdiet a, venenatis vitae, justo."
    },

    {
      "id": 5,
      "title": "Tab five",
      "tabTitle": "Tab Five",
      "content": "Lorem ipsum dolor sit amet, consectetuer adipiscing elit. Aenean commodo ligula eget dolor tellus eget condimentum rhoncus. Aenean massa. Cum sociis natoque penatibus et magnis neque dis parturient montes, nascetur ridiculus mus. Donec quam felis, ultricies nec, pellentesque eu, pretium quis, sem. Nulla consequat massa quis enim. Donec pede justo, fringilla vel, aliquet nec, vulputate eget, arcu. In enim justo, rhoncus ut, imperdiet a, venenatis vitae, justo."
    }
  ],
  "dataIcon": [
    {
      "id": 1,
      "title": "Tab one",
      "tabTitle": "Tab one",
      "icon": "smile",
      "content": "Lorem ipsum dolor sit amet, consectetuer adipiscing elit. Aenean commodo ligula eget dolor tellus eget condimentum rhoncus. Aenean massa. Cum sociis natoque penatibus et magnis neque dis parturient montes, nascetur ridiculus mus. Donec quam felis, ultricies nec, pellentesque eu, pretium quis, sem. Nulla consequat massa quis enim. Donec pede justo, fringilla vel, aliquet nec, vulputate eget, arcu. In enim justo, rhoncus ut, imperdiet a, venenatis vitae, justo."
    },
    {
      "id": 2,
      "title": "Tab two",
      "tabTitle": "Tab two",
      "icon": "camera",
      "content": "Lorem ipsum dolor sit amet, consectetuer adipiscing elit. Aenean commodo ligula eget dolor tellus eget condimentum rhoncus. Aenean massa. Cum sociis natoque penatibus et magnis neque dis parturient montes, nascetur ridiculus mus. Donec quam felis, ultricies nec, pellentesque eu, pretium quis, sem. Nulla consequat massa quis enim. Donec pede justo, fringilla vel, aliquet nec, vulputate eget, arcu. In enim justo, rhoncus ut, imperdiet a, venenatis vitae, justo."
    },

    {
      "id": 3,
      "title": "Tab three",
      "tabTitle": "Tab three",
      "icon": "at-sign",
      "content": "Lorem ipsum dolor sit amet, consectetuer adipiscing elit. Aenean commodo ligula eget dolor tellus eget condimentum rhoncus. Aenean massa. Cum sociis natoque penatibus et magnis neque dis parturient montes, nascetur ridiculus mus. Donec quam felis, ultricies nec, pellentesque eu, pretium quis, sem. Nulla consequat massa quis enim. Donec pede justo, fringilla vel, aliquet nec, vulputate eget, arcu. In enim justo, rhoncus ut, imperdiet a, venenatis vitae, justo."
    },
    {
      "id": 4,
      "title": "Tab four",
      "tabTitle": "Tab four",
      "icon": "home",
      "content": "Lorem ipsum dolor sit amet, consectetuer adipiscing elit. Aenean commodo ligula eget dolor tellus eget condimentum rhoncus. Aenean massa. Cum sociis natoque penatibus et magnis neque dis parturient montes, nascetur ridiculus mus. Donec quam felis, ultricies nec, pellentesque eu, pretium quis, sem. Nulla consequat massa quis enim. Donec pede justo, fringilla vel, aliquet nec, vulputate eget, arcu. In enim justo, rhoncus ut, imperdiet a, venenatis vitae, justo."
    },
    {
      "id": 5,
      "title": "Tab five",
      "tabTitle": "Tab five",
      "icon": "airplay",
      "content": "Lorem ipsum dolor sit amet, consectetuer adipiscing elit. Aenean commodo ligula eget dolor tellus eget condimentum rhoncus. Aenean massa. Cum sociis natoque penatibus et magnis neque dis parturient montes, nascetur ridiculus mus. Donec quam felis, ultricies nec, pellentesque eu, pretium quis, sem. Nulla consequat massa quis enim. Donec pede justo, fringilla vel, aliquet nec, vulputate eget, arcu. In enim justo, rhoncus ut, imperdiet a, venenatis vitae, justo."
    }
  ],
  "icon": [
    {
      "id": 1,
      "title": "Tab one",
      "icon": "smile",
      "content": "Lorem ipsum dolor sit amet, consectetuer adipiscing elit. Aenean commodo ligula eget dolor tellus eget condimentum rhoncus. Aenean massa. Cum sociis natoque penatibus et magnis neque dis parturient montes, nascetur ridiculus mus. Donec quam felis, ultricies nec, pellentesque eu, pretium quis, sem. Nulla consequat massa quis enim. Donec pede justo, fringilla vel, aliquet nec, vulputate eget, arcu. In enim justo, rhoncus ut, imperdiet a, venenatis vitae, justo."
    },
    {
      "id": 2,
      "title": "Tab two",
      "icon": "camera",
      "content": "Lorem ipsum dolor sit amet, consectetuer adipiscing elit. Aenean commodo ligula eget dolor tellus eget condimentum rhoncus. Aenean massa. Cum sociis natoque penatibus et magnis neque dis parturient montes, nascetur ridiculus mus. Donec quam felis, ultricies nec, pellentesque eu, pretium quis, sem. Nulla consequat massa quis enim. Donec pede justo, fringilla vel, aliquet nec, vulputate eget, arcu. In enim justo, rhoncus ut, imperdiet a, venenatis vitae, justo."
    },

    {
      "id": 3,
      "title": "Tab three",
      "icon": "at-sign",
      "content": "Lorem ipsum dolor sit amet, consectetuer adipiscing elit. Aenean commodo ligula eget dolor tellus eget condimentum rhoncus. Aenean massa. Cum sociis natoque penatibus et magnis neque dis parturient montes, nascetur ridiculus mus. Donec quam felis, ultricies nec, pellentesque eu, pretium quis, sem. Nulla consequat massa quis enim. Donec pede justo, fringilla vel, aliquet nec, vulputate eget, arcu. In enim justo, rhoncus ut, imperdiet a, venenatis vitae, justo."
    },
    {
      "id": 4,
      "title": "Tab four",
      "icon": "home",
      "content": "Lorem ipsum dolor sit amet, consectetuer adipiscing elit. Aenean commodo ligula eget dolor tellus eget condimentum rhoncus. Aenean massa. Cum sociis natoque penatibus et magnis neque dis parturient montes, nascetur ridiculus mus. Donec quam felis, ultricies nec, pellentesque eu, pretium quis, sem. Nulla consequat massa quis enim. Donec pede justo, fringilla vel, aliquet nec, vulputate eget, arcu. In enim justo, rhoncus ut, imperdiet a, venenatis vitae, justo."
    },

    {
      "id": 5,
      "title": "Tab five",
      "icon": "airplay",
      "content": "Lorem ipsum dolor sit amet, consectetuer adipiscing elit. Aenean commodo ligula eget dolor tellus eget condimentum rhoncus. Aenean massa. Cum sociis natoque penatibus et magnis neque dis parturient montes, nascetur ridiculus mus. Donec quam felis, ultricies nec, pellentesque eu, pretium quis, sem. Nulla consequat massa quis enim. Donec pede justo, fringilla vel, aliquet nec, vulputate eget, arcu. In enim justo, rhoncus ut, imperdiet a, venenatis vitae, justo."
    }
  ]
}
