[
  {
    "key": 1,
    "item": "Add images to the product gallery",
    "time": 1599024943804,
    "favorite": true
  },
  {
    "key": 2,
    "item": "Update user profile page",
    "time": 1599025094751,
    "favorite": true
  },
  {
    "key": 3,
    "item": "Support tickets list doesn't support commas",
    "time": 1599025110373,
    "favorite": false
  },
  {
    "key": 4,
    "item": "Changing title text on single locations pages",
    "time": 1599025120988,
    "favorite": false
  },
  {
    "key": 5,
    "item": "Registration Confirmation! Email is missing some information",
    "time": 1599025134666,
    "favorite": true
  },
  {
    "key": 6,
    "item": "Login page not redirecting wrong",
    "time": 1599025146100,
    "favorite": false
  },
  {
    "key": 7,
    "item": "Custom Field for Registration",
    "time": 1599025156757,
    "favorite": false
  }
]
