Foshan		CN	30	240
Faisalābād	Faisalabad	PK	04	167
Fortaleza		BR	06	160
Fushun		CN	19	93
Fukuoka		JP	07	92
Farīdābād	Faridabad	IN	10	81
Fuzhou		CN	07	78
Fes		MA	46	64
Freetown		SL	04	53
Fort Worth		US	TX	49
Fuxin		CN	19	45
Frankfurt am Main		DE	05	43
Fresno		US	CA	32
Feira de Santana		BR	05	32
Florianópolis	Florianopolis	BR	26	27
Fujisawa		JP	19	26
Fukuyama		JP	11	25
Fenghuang		CN	11	24
Florence		IT	16	23
Fīrozābād	Firozabad	IN	36	20
Franca		BR	27	20
Fukushima		JP	08	19
Foz do Iguaçu	Foz do Iguacu	BR	18	19
Fort Wayne		US	IN	16
Floridablanca		CO	26	16
Fukui-shi		JP	06	16
Farrukhābād	Farrukhabad	IN	36	16
Fuji		JP	37	16
Fendou		CN	08	15
Formosa		AR	09	14
Fuencarral-El Pardo		ES	29	14
Freiburg		DE	01	14
Fremont		US	CA	14
Fayetteville		US	NC	13
Fuenlabrada		ES	29	13
Fontana		US	CA	13
Francisco Morato		BR	27	11
Fuyang		CN	01	11
Ferraz de Vasconcelos		BR	27	11
Fianarantsoa		MG	7670905	11
Fuling		CN	33	11
Fatehpur		IN	36	11
Fort Lauderdale		US	FL	11
Fendou		CN	08	10
Fergana		UZ	03	10
Fès al Bali	Fes al Bali	MA	46	10
Fyzābād	Fyzabad	IN	36	10
Fort Collins		US	CO	9
Fuyu		CN	05	9
Foggia		IT	13	9
Funtua		NG	24	9
Fullerton		US	CA	9
Fujieda		JP	37	8
Florencia		CO	08	8
Fujinomiya		JP	37	8
Fengcheng		CN	19	8
Fernando de la Mora		PY	06	8
Friedrichshain	Friedrichshain Bezirk	DE	16	7
Frisco		US	TX	7
Farīdpur	Faridpur	BD	81	7
Fürth	Furth	DE	02	7
Franco da Rocha		BR	27	7
Fukayachō	Fukayacho	JP	34	7
Fargo		US	ND	7
Fresnillo		MX	32	7
Fairfield		US	CA	7
Flint		US	MI	6
Ferozepore		IN	23	6
Funchal		PT	10	6
Fasā	Fasa	IR	07	6
Fangshan		CN	22	6
Frederiksberg		DK	17	6
Facatativá	Facatativa	CO	33	6
Forlì	Forli	IT	05	6
Ferrara		IT	05	6
Foumban		CM	08	6
Fort-de-France		MQ	MQ	5
Francistown		BW	08	5
Fujin		CN	08	5
Federal Way		US	WA	5
Fall River		US	MA	5
Fusagasuga		CO	33	5
Fort Smith		US	AR	5
Flensburg		DE	10	5
Fkih Ben Salah		MA	56	5
Foumbot		CM	08	5
Feni		BD	84	5
Fatehpur		IN	24	5
Fatsa		TR	52	5
Formosa		BR	29	5
Feicheng		CN	25	5
Fili		RU	47	5
Farmington Hills		US	MI	5
Feicheng		CN	25	5
Farīdkot	Faridkot	IN	23	5
Focșani	Focsani	RO	40	5
Fishers		US	IN	5
Fenghua		CN	02	5
Fylde		GB	ENG	5
Furukawa		JP	24	5
Fort McMurray		CA	01	5
Fuyu		CN	08	5
Ferrol		ES	58	4
Fuentes del Valle		MX	15	4
Fayetteville		US	AR	4
Fredrikstad		NO	13	4
Finlyandskiy		RU	42	4
Folsom		US	CA	4
Feodosiya		UA	11	4
Farīdpur	Faridpur	IN	36	4
Fuengirola		ES	51	4
Fiditi		NG	32	4
Fāzilka	Fazilka	IN	23	4
Fuyang		CN	02	4
Fordon		PL	73	4
Fukuchiyama		JP	22	4
Framingham		US	MA	4
Fuqing		CN	07	4
Fengkou		CN	12	4
Fīrūzābād	Firuzabad	IR	07	4
Fatehābād	Fatehabad	IN	10	4
Flagstaff		US	AZ	4
Framingham Center		US	MA	4
Frederick		US	MD	4
Fengrun		CN	10	4
Flower Mound		US	TX	4
Fulda		DE	05	4
Florence-Graham		US	CA	4
Fujioka		JP	10	4
Frenda		DZ	13	4
Fuwwah		EG	21	4
Fuding		CN	07	4
Fukuroi		JP	37	4
Florida		CU	05	4
Fāqūs	Faqus	EG	14	4
Franklin		US	TN	4
Fochville		ZA	10	4
Fort Myers		US	FL	4
Fussa		JP	40	4
Ferkessédougou	Ferkessedougou	CI	87	4
Fernandópolis	Fernandopolis	BR	27	4
Fier-Çifçi	Fier-Cifci	AL	44	4
Fethiye		TR	48	4
Farnborough		GB	ENG	3
Fountainebleau		US	FL	3
Ferizaj		XK	10096138	3
Frýdek-Místek	Frydek-Mistek	CZ	85	3
Fundación	Fundacion	CO	38	3
Fuli		CN	08	3
Fairfield		US	CT	3
Fenyi		CN	03	3
Fort Beaufort		ZA	05	3
Friedrichshafen		DE	01	3
Fāraskūr	Faraskur	EG	20	3
Farroupilha		BR	23	3
Francisco Beltrão	Francisco Beltrao	BR	18	3
Fareham		GB	ENG	3
Fuxin		CN	19	3
Fengxian		CN	04	3
Formiga		BR	15	3
Fier		AL	44	3
Fountain Valley		US	CA	3
Funza		CO	33	3
Farshūţ	Farshut	EG	23	3
Fryazevo		RU	47	3
Fréjus	Frejus	FR	93	3
Fredericton		CA	04	3
Fryazino		RU	47	3
Florissant		US	MO	3
Fontenay-sous-Bois		FR	11	3
Frankfurt (Oder)		DE	11	3
Futtsu		JP	04	3
Fastiv		UA	13	3
Flagami		US	FL	3
Fuchūchō	Fuchucho	JP	11	3
Falāvarjān	Falavarjan	IR	28	3
Friedrichsfelde		DE	16	3
Frechen		DE	07	3
Floriano		BR	20	3
Foligno		IT	18	3
Florin		US	CA	3
Frankenthal		DE	08	3
Florida		CO	29	3
Folkestone		GB	ENG	3
Farmington		US	NM	3
Fort Dauphin		MG	7670910	3
Forbesganj		IN	34	3
Frosinone		IT	07	2
Fayzabad		AF	01	2
Fria		GN	B	2
Fellbach		DE	01	2
Freiberg		DE	13	2
Farah		AF	06	2
Filderstadt		DE	01	2
Fundong		CM	07	2
Figueres		ES	56	2
Fond du Lac		US	WI	2
Franceville		GA	02	2
Freeport		US	NY	2
Fontem		CM	09	2
Fort Portal		UG	W	2
Freising		DE	02	2
Famagusta		CY	01	2
Fairfield		US	OH	2
Fengxiang		CN	08	2
Faenza		IT	05	2
Fatwa		IN	34	2
Fort Pierce		US	FL	2
Faro		PT	09	2
Findlay		US	OH	2
Frutal		BR	15	2
Frolovo		RU	84	2
Fort Abbās	Fort Abbas	PK	04	2
Fitchburg		US	MA	2
Farrukhnagar		IN	40	2
Fabijoniškės	Fabijoniskes	LT	65	2
Florence		US	AL	2
Freital		DE	13	2
Fano		IT	10	2
Furmanov		RU	21	2
Faratsiho		MG	7670854	2
Falkensee		DE	11	2
Florence		US	SC	2
Farnham		GB	ENG	2
Fredericia		DK	21	2
Falun		SE	10	2
Friendswood		US	TX	2
Falkenhagener Feld		DE	16	2
Franklin		US	WI	2
Fort Lee		US	NJ	2
Funaishikawa		JP	14	2
Fraccionamiento Real Palmas		MX	19	2
Fiumicino-Isola Sacra		IT	07	2
Frankston		AU	07	2
Frankston East		AU	07	2
Ferreñafe	Ferrenafe	PE	14	2
Felling		GB	ENG	2
Franconville		FR	11	2
Fleet		GB	ENG	2
Fereydūnkenār	Fereydunkenar	IR	35	2
Fajardo		PR	053	2
Fatehpur		IN	36	2
Fada N'gourma		BF	08	2
Fürstenwalde	Fuerstenwalde	DE	11	2
Fürstenfeldbruck	Fuerstenfeldbruck	DE	02	2
Felege Neway		ET	54	2
Francavilla Fontana		IT	13	2
Farmsen-Berne		DE	04	2
Fatikchari		BD	84	2
Fujishiro		JP	14	2
Foothill Farms		US	CA	2
Feteşti	Fetesti	RO	22	2
Fribourg		CH	FR	2
Fuyo		KR	17	2
Falkirk		GB	SCT	2
Fair Lawn		US	NJ	2
Farrokh Shahr		IR	03	2
Fairborn		US	OH	2
Florida		UY	07	2
Favara		IT	15	2
Fairbanks		US	AK	2
Fennpfuhl		DE	16	2
Fandriana		MG	7670904	2
Feldkirch		AT	08	2
Freha		DZ	14	2
Famaillá	Famailla	AR	24	2
Fair Oaks		US	CA	2
Făgăraș	Fagaras	RO	09	2
Franklin		US	MA	2
Foster City		US	CA	2
Fallbrook		US	CA	2
Forchheim		DE	02	2
Ferokh		IN	13	2
Fatehpur Sīkri	Fatehpur Sikri	IN	36	2
Fuyuan		CN	08	2
Florence		US	KY	1
Farafenni		GM	07	1
Faaa		PF	01	1
Frattamaggiore		IT	04	1
Fort Hood		US	TX	1
Fălticeni	Falticeni	RO	34	1
Fruit Cove		US	FL	1
Felixstowe		GB	ENG	1
Franklin Square		US	NY	1
Friedberg		DE	02	1
Fort Bragg		US	NC	1
Ferry Pass		US	FL	1
Farmers Branch		US	TX	1
Formia		IT	07	1
Fraijanes		GT	07	1
Fukiage-fujimi		JP	34	1
Fāzilpur	Fazilpur	PK	04	1
Fūman	Fuman	IR	08	1
Friedberg		DE	05	1
Fridley		US	MN	1
Fleetwood		GB	ENG	1
Friedenau		DE	16	1
Freeport		BS	25	1
Fizuli		AZ	18	1
Fontana		AR	03	1
Fukuechō	Fukuecho	JP	27	1
Fondi		IT	07	1
Fremont		US	NE	1
Formigine		IT	05	1
Fortuna Foothills		US	AZ	1
Fukagawa		JP	12	1
Four Corners		US	FL	1
Falconara Marittima		IT	10	1
Forest Hills		US	MI	1
Fountain		US	CO	1
Fokino		RU	59	1
Fichē	Fiche	ET	51	1
Farnworth		GB	ENG	1
Freeport		US	IL	1
Florence		US	AZ	1
Frankfort		US	KY	1
Fitchburg		US	WI	1
Fort Dodge		US	IA	1
Faqīrwāli	Faqirwali	PK	04	1
Flémalle-Haute	Flemalle-Haute	BE	WAL	1
Fārsān	Farsan	IR	03	1
Farmington		US	CT	1
Frome		GB	ENG	1
Fremantle		AU	08	1
Fresnes		FR	11	1
Farafangana		MG	7670908	1
Ferntree Gully		AU	07	1
Fontenay-aux-Roses		FR	11	1
Fontaine		FR	84	1
Faizpur		IN	16	1
Friedrichsdorf		DE	05	1
Feltham		GB	ENG	1
Fredericksburg		US	VA	1
Formby		GB	ENG	1
Frederikshavn		DK	19	1
Fânzeres	Fanzeres	PT	17	1
Freudenstadt		DE	01	1
Fatehganj West		IN	36	1
Fetești-Gară	Fetesti-Gara	RO	22	1
Fada		TD	28	1
Ferizli		TR	54	1
Fougères	Fougeres	FR	53	1
Fort Washington		US	MD	1
Franklin		US	IN	1
Fairland		US	MD	1
Funehikimachi-funehiki		JP	08	1
Fonseca		CO	17	1
Finote Selam		ET	46	1
Faribault		US	MN	1
Fray Bentos		UY	12	1
Fabriano		IT	10	1
Felipe Carrillo Puerto		MX	23	1
Fujikawaguchiko		JP	46	1
Forquilhinha		BR	26	1
Fröndenberg	Froendenberg	DE	07	1
Forst		DE	11	1
Frontera		MX	27	1
Fasano		IT	13	1
Fairfax		US	VA	1
Fountain Hills		US	AZ	1
Forest Lake		AU	04	1
Frontignan		FR	76	1
Falmouth		GB	ENG	1
Floridia		IT	15	1
Fleurus		BE	WAL	1
Fécamp	Fecamp	FR	28	1
Frauenfeld		CH	TG	1
Fatehābād	Fatehabad	IN	36	1
Fidenza		IT	05	1
Farakka		IN	28	1
Faruka		PK	04	1
Farkhor		TJ	02	1
Feraoun		DZ	18	1
Fortín de las Flores	Fortin de las Flores	MX	30	1
Forbach		FR	44	1
Fairfield Heights		US	IN	1
Ferguson		US	MO	1
Follonica		IT	16	1
Francavilla al Mare		IT	01	1
Farmington		US	MN	1
Fleury-les-Aubrais		FR	24	1
Forest Grove		US	OR	1
Fenoarivo Atsinanana		MG	7670848	1
Freguesia do Ribeirao da Ilha		BR	26	1
Flandes		CO	28	1
Frederico Westphalen		BR	23	1
Farragut		US	TN	1
Frameries		BE	WAL	1
Failsworth		GB	ENG	1
Flores da Cunha		BR	23	1
Flores		GT	12	1
Friesoythe		DE	06	1
Fīrozpur Jhirka	Firozpur Jhirka	IN	10	1
Fālākāta	Falakata	IN	28	1
Foso		GH	04	1
Frascati		IT	07	1
Flörsheim	Floersheim	DE	05	1
Figueras		ES	34	1
Fomento		CU	14	1
Ferndale		US	MI	1
Florencia		CU	07	1
Finglas		IE	L	1
Fontainebleau		FR	11	1
Fenoarivo Be		MG	7670853	1
Fukumitsu		JP	42	1
Fort Walton Beach		US	FL	1
Fernley		US	NV	1
Frankenberg		DE	05	1
Fairwood		US	WA	1
Fresno		US	TX	1
French Rocks		IN	19	1
Filiaşi	Filiasi	RO	17	1
Finsterwalde		DE	11	1
Fossano		IT	12	1
Fukura		JP	13	1
Forest Park		US	OH	1
Frederickson		US	WA	1
Fairmont		US	WV	1
Frontera Comalapa		MX	05	1
Faversham		GB	ENG	1
Freudenberg		DE	07	1
Forest Park		US	GA	1
Finnentrop		DE	07	1
Fern Creek		US	KY	1
Falkenberg		SE	06	1
Farum		DK	17	1
Forest Lake		US	MN	1
Fort Gloster		IN	28	1
Fujioka		JP	38	1
Franklin Park		US	IL	1
Firmat		AR	21	1
Farmington		US	UT	1
Felanitx		ES	07	1
Fond Parisien		HT	11	1
Franconia		US	VA	1
Florida Ridge		US	FL	1
Five Corners		US	WA	1
Fermo		IT	10	1
Floresta		BR	30	1
Fatehgarh Chūriān	Fatehgarh Churian	IN	23	1
Fuquay-Varina		US	NC	1
Firminy		FR	84	1
Forssa		FI	05	1
Frankfort		US	IL	1
Flórina	Florina	GR	ESYE13	1
Fresno		CO	28	1
Ferndown		GB	ENG	1
Forster		AU	02	1
Friedrichshagen		DE	16	1
Flers		FR	28	1
Fort St. John		CA	02	1
Frankston South		AU	07	1
Fos-sur-Mer		FR	93	1
Fornacelle		IT	16	1
Fairview Heights		US	IL	1
Frinton-on-Sea		GB	ENG	1
Frutillar		CL	14	1
Fafe		PT	04	1
Frankenberg		DE	13	1
Fairview Park		US	OH	1
Fót	Fot	HU	16	1
Floreşti	Floresti	MD	75	1
Ferndale		US	MD	1
Fremont		US	OH	1
Frohnau		DE	16	1
Floirac		FR	75	1
Hondarribia	Fuenterrabia	ES	59	1
Fairhaven		US	MA	1
Frankfort		US	IN	1
Flowing Wells		US	AZ	1
Feira		PT	02	1
Federal		AR	08	1
Fort Thomas		US	KY	1
Fontenay-le-Comte		FR	52	1
Fiorano		IT	05	1
Farmington		US	MO	1
Faches-Thumesnil		FR	32	1
Fraccionamiento Ciudad Olmeca		MX	30	1
Fonte Boa		BR	04	1
Fort Hunt		US	VA	1
Fléron	Fleron	BE	WAL	1
Forio		IT	04	1
Fort Erie		CA	08	1
Four Corners		US	OR	1
Fayetteville		US	GA	1
Freilassing		DE	02	1
Floral Park		US	NY	1
Falköping	Falkoeping	SE	28	1
Frattaminore		IT	04	1
Farmingville		US	NY	1
Forrest City		US	AR	1
Fairhope		US	AL	1
Freiberg am Neckar		DE	01	1
Foça	Foca	TR	35	1
Fords		US	NJ	1
Fort Leonard Wood		US	MO	1
Fillmore		US	CA	1