Buenos Aires		AR	07	871
Beijing		CN	22	781
Bogotá	Bogota	CO	34	511
Baghdad		IQ	07	481
Bangkok		TH	40	340
Bengaluru		IN	19	340
Busan		KR	10	245
Berlin		DE	16	228
Basrah		IQ	02	173
Belo Horizonte		BR	15	158
Brooklyn		US	NY	153
Borough of Queens		US	NY	151
Brasília	Brasilia	BR	07	147
Brisbane		AU	04	145
Beirut		LB	04	127
Bucharest		RO	10	125
Budapest		HU	05	116
Bandung		ID	30	113
Barcelona		ES	56	108
Bhopal		IN	35	106
Bekasi		ID	30	101
Bursa		TR	16	94
Belém	Belem	BR	16	93
Barranquilla		CO	04	92
Baotou		CN	20	86
Bamako		ML	01	86
Brazzaville		CG	12	85
Budta		PH	14	84
Belgrade		RS	SE	84
Benin City		NG	37	75
Baku		AZ	09	74
Brussels		BE	BRU	67
Baoding		CN	10	66
Benxi		CN	19	65
Birmingham		GB	ENG	65
Bishkek		KG	01	60
Bucheon-si		KR	13	56
Barquisimeto		VE	13	53
Bandar Lampung		ID	15	53
Bogor		ID	30	53
Boumerdas		DZ	40	52
Bhubaneshwar		IN	21	50
Bareilly		IN	36	49
Bağcılar	Bagcilar	TR	34	48
Bhiwandi		IN	16	47
Bulawayo		ZW	09	46
Benghazi		LY	69	43
Bhilai		IN	37	41
Baltimore		US	MD	41
Boston		US	MA	41
Borivli		IN	16	40
Benoni		ZA	06	40
Barnaul		RU	04	39
Blantyre		MW	S	38
Bahçelievler	Bahcelievler	TR	34	38
Bengbu		CN	01	38
Bīkaner	Bikaner	IN	24	38
Banjarmasin		ID	12	38
Bucaramanga		CO	26	38
Bouaké	Bouake	CI	90	37
Bhāvnagar	Bhavnagar	IN	09	36
Bahāwalpur	Bahawalpur	PK	04	36
Bremen		DE	03	36
Banqiao		TW	03	36
Bangui		CF	18	36
Beira		MZ	05	35
Bhayandar		IN	16	34
Bilimora		IN	09	34
Bhātpāra	Bhatpara	IN	28	32
Belford Roxo		BR	21	31
Bloemfontein		ZA	03	30
Bacolod City		PH	06	30
Boksburg		ZA	06	29
Bei’an	Bei'an	CN	08	29
Balikpapan		ID	14	28
Brampton		CA	08	28
Bristol		GB	ENG	28
Belgaum		IN	19	28
Bryansk		RU	10	28
Barcelona		VE	02	28
Bratislava		SK	02	28
Bokāro	Bokaro	IN	38	27
Biên Hòa	Bien Hoa	VN	43	27
Bamenda		CM	07	26
Bello		CO	02	26
Buraydah		SA	08	26
Bissau		GW	11	25
Bochum		DE	07	25
Betim		BR	15	25
Batman		TR	76	25
Bochum-Hordel		DE	07	25
Brno		CZ	78	24
Bydgoszcz		PL	73	24
Bologna		IT	05	24
Bhāgalpur	Bhagalpur	IN	34	24
Bobo-Dioulasso		BF	09	24
Bacoor		PH	40	23
Benito Juarez		MX	09	23
Bilbao		ES	59	23
Barinas		VE	05	23
Bandar Abbas		IR	11	23
Bakersfield		US	CA	23
Belgorod		RU	09	23
Bhimbar		PK	06	22
Bellary		IN	19	22
Bauru		BR	27	22
Bielefeld		DE	07	22
Bujumbura		BI	24	22
Bhīlwāra	Bhilwara	IN	24	21
Brahmapur		IN	21	21
Baicheng		CN	05	21
Bauchi		NG	46	21
Bonn		DE	07	20
Botshabelo		ZA	03	20
Bengkulu		ID	03	20
Butuan		PH	13	20
Biskra		DZ	19	20
Brakpan		ZA	06	20
Barddhamān	Barddhaman	IN	28	20
Brest		BY	01	20
Batikent		TR	68	20
Bradford		GB	ENG	19
Bārāsat	Barasat	IN	28	19
Bāli	Bali	IN	28	19
Blumenau		BR	26	19
Białystok	Bialystok	PL	81	19
Bafoussam		CM	08	19
Beihai		CN	16	19
Bilāspur	Bilaspur	IN	37	18
Batna		DZ	03	18
Bari		IT	13	18
Bahía Blanca	Bahia Blanca	AR	01	18
Braşov	Brasov	RO	09	18
Bab Ezzouar		DZ	01	18
Belfast		GB	NIR	18
Baguio		PH	15	18
Bijapur		IN	19	18
Buffalo		US	NY	17
Baranagar		IN	28	17
Bratsk		RU	20	17
Barueri		BR	27	16
Borūjerd	Borujerd	IR	23	16
Banda Aceh		ID	01	16
Bukhara		UZ	02	16
Braunschweig		DE	06	16
Bago		MM	16	16
Bihār	Bihar	IN	34	16
Baruta		VE	15	16
Bhatinda		IN	23	16
Berbera		SO	20	16
Buenaventura		CO	29	16
Balıkesir	Balikesir	TR	10	15
Bārāsat	Barasat	IN	28	15
Batangas		PH	40	15
Boa Vista		BR	25	15
Bordeaux		FR	75	15
Baton Rouge		US	LA	15
Bharatpur		IN	24	15
Binjai		ID	26	15
Bexley		GB	ENG	15
Bukavu		CD	12	15
Blagoveshchensk		RU	05	14
Banja Luka		BA	02	14
Babruysk		BY	06	14
Badalona		ES	56	14
Binangonan		PH	40	14
Bertoua		CM	04	14
Biysk		RU	04	14
Bergen		NO	07	14
Brăila	Braila	RO	08	14
Būkān	Bukan	IR	01	14
Bukit Mertajam		MY	09	14
Birmingham		US	AL	14
Bogra		BD	83	14
Buenavista		MX	15	13
Bīdar	Bidar	IN	19	13
Bayamón	Bayamon	PR	021	13
Burnaby		CA	02	13
Bābol	Babol	IR	35	13
Burhānpur	Burhanpur	IN	35	13
Barisāl	Barisal	BD	85	13
Balakovo		RU	67	13
Bila Tserkva		UA	13	13
Bulandshahr		IN	36	13
Bīrjand	Birjand	IR	41	13
Burgas		BG	39	13
Başakşehir	Basaksehir	TR	34	12
Bayamo		CU	09	12
Bojnūrd	Bojnurd	IR	43	12
Barrancabermeja		CO	26	12
Bhiwāni	Bhiwani	IN	10	12
Banī Suwayf	Bani Suwayf	EG	18	12
Bytom		PL	83	12
Boyeros		CU	02	12
Baiyin		CN	15	12
Beersheba		IL	01	12
Brescia		IT	09	12
Būrewāla	Burewala	PK	04	12
Baishan		CN	05	12
Bhusāval	Bhusaval	IN	16	12
Blida		DZ	20	12
Birātnagar	Biratnagar	NP	ER	12
Bahraigh		IN	36	12
Barrie		CA	08	12
Baharampur		IN	28	12
Burgos		ES	55	11
Bielsko-Biala		PL	83	11
Bella Vista		DO	34	11
Brownsville		US	TX	11
Bo		SL	03	11
Bozhou		CN	01	11
Bhind		IN	35	11
Bata		GQ	08	11
Bida		NG	31	11
Bacău	Bacau	RO	04	11
Bahir Dar		ET	46	11
Baranovichi		BY	01	11
Bordj Bou Arreridj		DZ	39	11
Berezniki		RU	90	11
Breda		NL	06	11
Banhā	Banha	EG	12	11
Beni Mellal		MA	56	11
Bandar-e Būshehr	Bandar-e Bushehr	IR	22	11
Banjaran		ID	30	10
Basel		CH	BS	10
Burlington		CA	08	10
Bejaïa	Bejaia	DZ	18	10
Barra Mansa		BR	21	10
Bhadrāvati	Bhadravati	IN	19	10
Bournemouth		GB	ENG	10
Büyükçekmece	Bueyuekcekmece	TR	34	10
Budaun		IN	36	10
Bawshar		OM	06	10
Bibirevo		RU	48	10
Barreiras		BR	05	10
Batu Pahat		MY	01	10
Beipiao		CN	19	10
Butembo		CD	11	10
Bené Beraq	Bene Beraq	IL	05	10
Bahādurgarh	Bahadurgarh	IN	10	10
Boshan		CN	25	10
Bharūch	Bharuch	IN	09	10
Baqubah		IQ	10	10
Bānda	Banda	IN	36	10
Bảo Lộc	Bao Loc	VN	23	10
Bintulu		MY	11	10
Benguela		AO	01	10
Battambang		KH	29	10
Bago City		PH	06	10
Balashikha		RU	47	10
Badajoz		ES	57	9
Bārākpur	Barakpur	IN	28	9
Kreuzberg	Bezirk Kreuzberg	DE	16	9
Buôn Ma Thuột	Buon Ma Thuot	VN	88	9
Boise		US	ID	9
Batāla	Batala	IN	23	9
Brest		FR	53	9
Bridgeport		US	CT	9
Biryulëvo	Biryulevo	RU	48	9
Béchar	Bechar	DZ	38	9
Blackpool		GB	ENG	9
Bhīmavaram	Bhimavaram	IN	02	9
Bālurghāt	Balurghat	IN	28	9
Bolton		GB	ENG	9
Budapest XI. kerület	Budapest XI. keruelet	HU	05	9
Brighton		GB	ENG	9
Baia Mare		RO	32	9
Bitung		ID	31	9
Bhisho		ZA	05	9
Baia Mare		RO	25	9
Baliuag		PH	03	9
Buguma		NG	50	9
Bielany		PL	78	8
Baturaja		ID	32	8
Bānkura	Bankura	IN	28	8
Bhuj		IN	09	8
Bīrganj	Birganj	NP	CR	8
Blitar		ID	08	8
Bulaon		PH	03	8
Buzău	Buzau	RO	11	8
Beāwar	Beawar	IN	24	8
Baidoa		SO	04	8
Bimbo		CF	17	8
Bilbays		EG	14	8
Bat Yam		IL	05	8
Besançon	Besancon	FR	27	8
Bettiah		IN	34	8
Bahāwalnagar	Bahawalnagar	PK	04	8
Bahāwalnagar	Bahawalnagar	PK	04	8
Bragança Paulista	Braganca Paulista	BR	27	8
Bohicon		BJ	18	8
Beppu		JP	30	8
Bălţi	Balti	MD	60	8
Baoshan		CN	08	8
Budapest III. kerület	Budapest III. keruelet	HU	05	8
Ban Rangsit		TH	39	8
Bordj el Kiffan		DZ	01	8
Brits		ZA	10	8
Beylikdüzü	Beylikduezue	TR	34	8
Bellevue		US	WA	8
Barbacena		BR	15	8
Batumi		GE	04	8
Bhadreswar		IN	28	8
Bern		CH	BE	8
Braga		PT	04	8
Budapest XIV. kerület	Budapest XIV. keruelet	HU	05	8
Bangil		ID	08	8
Bottrop		DE	07	7
Bergedorf		DE	04	7
Beaumont		US	TX	7
Berdyans’k	Berdyans'k	UA	26	7
Bandundu		CD	01	7
Bama		NG	27	7
Buga		CO	29	7
Bremerhaven		DE	03	7
Botād	Botad	IN	09	7
Brugge		BE	VLG	7
Berlin Schöneberg	Berlin Schoeneberg	DE	16	7
Binzhou		CN	25	7
Batang		ID	07	7
Baidyabāti	Baidyabati	IN	28	7
Bizerte		TN	18	7
Bastī	Basti	IN	36	7
Balkh		AF	30	7
Botoşani	Botosani	RO	07	7
Balasore		IN	21	7
Bergamo		IT	09	7
Botucatu		BR	27	7
Budapest XIII. kerület	Budapest XIII. keruelet	HU	05	7
Berkeley		US	CA	7
Beibei		CN	33	7
Bangaon		IN	28	7
Bārsi	Barsi	IN	16	7
Bandar-e Anzalī	Bandar-e Anzali	IR	08	7
Bender		MD	62	7
Bataysk		RU	61	7
Boulogne-Billancourt		FR	11	7
Bānsbāria	Bansbaria	IN	28	7
Baghlān	Baghlan	AF	03	7
Banyuwangi		ID	08	7
Birnin Kebbi		NG	40	7
Bandırma	Bandirma	TR	10	7
Butterworth		MY	09	7
Bharatpur		NP	CR	7
Buhe		CN	12	7
Bergisch Gladbach		DE	07	7
Blackburn		GB	ENG	7
Bhairab Bāzār	Bhairab Bazar	BD	81	7
Baraki		DZ	55	7
Barnāla	Barnala	IN	23	7
Bāneh	Baneh	IR	16	6
Badlapur		IN	16	6
Bishoftu		ET	51	6
Billings		US	MT	6
Bagaha		IN	34	6
Bilqās	Bilqas	EG	01	6
Brandon		US	FL	6
Burbank		US	CA	6
Begusarai		IN	34	6
Bogorodskoye		RU	48	6
Belawan		ID	26	6
Bemowo		PL	78	6
Birigui		BR	27	6
Brateyevo		RU	48	6
Bethal		ZA	07	6
Bontang		ID	14	6
Basildon		GB	ENG	6
Barretos		BR	27	6
Bendigo		AU	07	6
Becontree		GB	ENG	6
Burao		SO	19	6
Bam		IR	29	6
Bhola		BD	85	6
Bolzano		IT	17	6
Bagé	Bage	BR	23	6
Broken Arrow		US	OK	6
Barika		DZ	03	6
Bukittinggi		ID	24	6
Bocaue		PH	03	6
Bhadrakh		IN	21	6
Būndi	Bundi	IN	24	6
Bridgetown		BB	08	6
Barakaldo		ES	59	6
Budapest IV. kerület	Budapest IV. keruelet	HU	05	6
Balashov		RU	67	6
Ballarat		AU	07	6
Boulder		US	CO	6
Bagalkot		IN	19	6
Born		NL	05	6
Bunia		CD	09	6
Bolu		TR	14	6
Basingstoke		GB	ENG	6
Buxar		IN	34	6
Bumba		CD	02	6
Boli		CN	08	6
Biu		NG	27	6
Berrechid		MA	50	6
Brockton		US	MA	6
Baijiantan		CN	13	6
Bānswāra	Banswara	IN	24	6
Baraut		IN	36	6
Behshahr		IR	35	6
Barletta		IT	13	6
Bath		GB	ENG	6
Budapest XVIII. kerület	Budapest XVIII. keruelet	HU	05	6
Bafra		TR	55	6
Boyle Heights		US	CA	6
Beni Mered		DZ	20	6
Ballālpur	Ballalpur	IN	16	6
Betūl	Betul	IN	35	6
Bugul’ma	Bugul'ma	RU	73	6
Butwāl	Butwal	NP	WR	6
Bagaha		IN	34	6
Balāngīr	Balangir	IN	21	6
Bayeux		BR	17	6
Bento Gonçalves	Bento Goncalves	BR	23	6
Baise City		CN	16	6
Berdsk		RU	53	6
Bhandāra	Bhandara	IN	16	6
Beaverton		US	OR	5
Beni		CD	11	5
Butare		RW	15	5
Bārmer	Barmer	IN	24	5
Białołeka	Bialoleka	PL	78	5
Banjar		ID	02	5
Biryulëvo Zapadnoye	Biryulevo Zapadnoye	RU	47	5
Budapest II. kerület	Budapest II. keruelet	HU	05	5
Brovary		UA	13	5
Brusque		BR	26	5
Balkanabat		TM	02	5
Brantford		CA	08	5
Buzuluk		RU	55	5
Barra do Piraí	Barra do Pirai	BR	21	5
Bārān	Baran	IN	24	5
Bhāi Pheru	Bhai Pheru	PK	04	5
Ban Mai		TH	68	5
Batticaloa		LK	37	5
Bedford		GB	ENG	5
Būsh	Bush	EG	18	5
Bojonegoro		ID	08	5
Bitola		MK	06	5
Bekobod		UZ	14	5
Berdychiv		UA	27	5
Borāzjān	Borazjan	IR	22	5
Babushkin		RU	48	5
Bāruni	Baruni	IN	34	5
Bijnor		IN	36	5
Boca Raton		US	FL	5
Binonga		PH	06	5
Bethlehem		ZA	03	5
Bloomington		US	MN	5
Bagamoyo		TZ	02	5
Banská Bystrica	Banska Bystrica	SK	01	5
Budapest VIII. kerület	Budapest VIII. keruelet	HU	05	5
Beckenham		GB	ENG	5
Bhakkar		PK	04	5
Birkenhead		GB	ENG	5
Barkā’	Barka'	OM	02	5
Balqash		KZ	12	5
Bistriţa	Bistrita	RO	06	5
Bellingham		US	WA	5
Berkane		MA	54	5
Bafang		CM	08	5
Berrouaghia		DZ	06	5
Bingöl	Bingol	TR	12	5
Buena Park		US	CA	5
Bloomington		US	IN	5
Bālāghāt	Balaghat	IN	35	5
Bonāb	Bonab	IR	33	5
Baoying		CN	04	5
Budapest XV. kerület	Budapest XV. keruelet	HU	05	5
Bende		NG	45	5
Busto Arsizio		IT	09	5
Brājarājnagar	Brajarajnagar	IN	21	5
Behbahān	Behbahan	IR	15	5
Budapest X. kerület	Budapest X. keruelet	HU	05	5
Bwizibwera		UG	W	5
Bhadohi		IN	36	5
Brindisi		IT	13	5
Bang Kruai		TH	38	5
Budapest XVII. kerület	Budapest XVII. keruelet	HU	05	5
Brikama		GM	05	5
Bijie		CN	18	5
Bogenhausen		DE	02	5
Balrāmpur	Balrampur	IN	36	5
Bāramūla	Baramula	IN	12	5
Bend		US	OR	5
Bellflower		US	CA	5
Bloomington		US	IL	5
Badagara		IN	13	5
Budapest XXI. kerület	Budapest XXI. keruelet	HU	05	5
Babahoyo		EC	13	5
Bryan		US	TX	5
Baj Baj		IN	28	5
Birobidzhan		RU	89	5
Bracknell		GB	ENG	5
Bayramaly		TM	05	5
Brooklyn Park		US	MN	5
Belovo		RU	29	5
Bodināyakkanūr	Bodinayakkanur	IN	25	5
Battersea		GB	ENG	5
Bihać	Bihac	BA	01	5
Battaramulla South		LK	36	5
Batu		ID	08	5
Baldwin Park		US	CA	5
Bayreuth		DE	02	5
Bethlehem		US	PA	4
Ben Arous		TN	27	4
Beidao		CN	15	4
Bhalwāl	Bhalwal	PK	04	4
Bismil		TR	21	4
Bosaso		SO	03	4
Béziers	Beziers	FR	76	4
Bela		IN	36	4
Bocholt		DE	07	4
Bodhan		IN	40	4
Badīn	Badin	PK	05	4
Burnley		GB	ENG	4
Bolingbrook		US	IL	4
Bonao		DO	31	4
Belek		TR	07	4
Balanga		PH	03	4
Bali		CM	07	4
Beichengqu		CN	20	4
Bacabal		BR	13	4
Bothaville		ZA	03	4
Bebedouro		BR	27	4
Baytown		US	TX	4
Birkhadem		DZ	01	4
Barnsley		GB	ENG	4
Blagoevgrad		BG	38	4
Bulacan		PH	03	4
Benidorm		ES	60	4
Bolpur		IN	28	4
Bundaberg		AU	04	4
Beypore		IN	13	4
Bukoba		TZ	19	4
Byumba		RW	13	4
Baiquan		CN	08	4
Beloretsk		RU	08	4
Bāpatla	Bapatla	IN	02	4
Bamberg		DE	02	4
Baykonyr		KZ	08	4
Bondowoso		ID	08	4
Brossard		CA	10	4
Bāsoda	Basoda	IN	35	4
Bafia		CM	11	4
Bogale		MM	03	4
Bir el Ater		DZ	33	4
Bargarh		IN	21	4
Borisoglebsk		RU	86	4
Binhe		CN	09	4
Budapest XVI. kerület	Budapest XVI. keruelet	HU	05	4
Bīsalpur	Bisalpur	IN	36	4
Bunbury		AU	08	4
Boynton Beach		US	FL	4
Bālotra	Balotra	IN	24	4
Balsas		BR	13	4
Bir el Djir		DZ	09	4
Bourges		FR	24	4
Budënnovsk	Budennovsk	RU	70	4
Barberton		ZA	07	4
Belogorsk		RU	05	4
Bârlad	Barlad	RO	38	4
Bislig		PH	13	4
Bet Shemesh		IL	06	4
Buldāna	Buldana	IN	16	4
Bima		ID	17	4
Bajos de Haina		DO	33	4
Baní	Bani	DO	35	4
Bakıxanov	Bakixanov	AZ	09	4
Bellampalli		IN	40	4
Brixton		GB	ENG	4
Besbes		DZ	44	4
Bergen op Zoom		NL	06	4
Bamiantong		CN	08	4
Burdur		TR	15	4
Beidaihehaibin		CN	10	4
Basavakalyān	Basavakalyan	IN	19	4
Babu		CN	16	4
Bais		PH	07	4
Bognor Regis		GB	ENG	4
Bangangté	Bangangte	CM	08	4
Bianzhuang		CN	25	4
Békéscsaba	Bekescsaba	HU	03	4
Bāzārak	Bazarak	AF	42	4
Bongaigaon		IN	03	4
Bhawānipatna	Bhawanipatna	IN	21	4
Bandar Seri Begawan		BN	02	4
Bishnupur		IN	28	4
Basmat		IN	16	4
Baheri		IN	36	4
Baihe		CN	16	4
Bergheim		DE	07	4
Budapest XX. kerület	Budapest XX. keruelet	HU	05	4
Bhairāhawā	Bhairahawa	NP	WR	4
Borås	Boras	SE	28	4
Bougara		DZ	20	4
Botou		CN	10	4
Bayonne		US	NJ	4
Baoqing		CN	08	4
Bełchatów	Belchatow	PL	74	4
Buynaksk		RU	17	4
Belebey		RU	08	4
Budapest VII. kerület	Budapest VII. keruelet	HU	05	4
Berekum		GH	03	4
Bangkalan		ID	08	4
Binzhou		CN	08	4
Bāmyān	Bamyan	AF	05	4
Bassar		TG	23	4
Berbérati	Berberati	CF	04	4
Budapest XIX. kerület	Budapest XIX. keruelet	HU	05	4
Budapest IX. kerület	Budapest IX. keruelet	HU	05	4
Belize City		BZ	01	4
Bossier City		US	LA	4
Bismarck		US	ND	4
Bury		GB	ENG	4
Bromma		SE	26	4
Barking		GB	ENG	4
Bouaflé	Bouafle	CI	83	4
Bethesda		US	MD	4
Ban Lam Luk Ka		TH	39	4
Brentwood		US	NY	4
Bor		RU	51	4
Bristol		US	CT	4
Bangor		GB	NIR	4
Burnsville		US	MN	4
Banfora		BF	02	4
Borsad		IN	09	4
Barabai		ID	12	4
Bensonhurst		US	NY	4
Bangaon		IN	34	4
Boyolali		ID	07	3
Balagtas		PH	03	3
Brandenburg an der Havel		DE	11	3
Boufarik		DZ	20	3
Berlin Köpenick	Berlin Koepenick	DE	16	3
Bến Tre	Ben Tre	VN	03	3
Baki		ID	07	3
Bañga	Banga	PH	12	3
Benalmádena	Benalmadena	ES	51	3
Brookline		US	MA	3
Bantul		ID	10	3
Bondoukou		CI	92	3
Będzin	Bedzin	PL	83	3
Banī Mazār	Bani Mazar	EG	10	3
Bowling Green		US	KY	3
Baekrajan		ID	07	3
Bārdoli	Bardoli	IN	09	3
Bootle		GB	ENG	3
Ban Pong		TH	52	3
Biała Podlaska	Biala Podlaska	PL	75	3
Béja	Beja	TN	17	3
Bergama		TR	35	3
Blaine		US	MN	3
Bragança	Braganca	BR	16	3
Baishishan		CN	05	3
Bayt Lāhyā	Bayt Lahya	PS	GZ	3
Bada Barabīl	Bada Barabil	IN	21	3
Bawku		GH	10	3
Berwyn		US	IL	3
Borovichi		RU	52	3
Budapest XII. kerület	Budapest XII. keruelet	HU	05	3
Balaipungut		ID	37	3
Bankra		IN	28	3
Bāri	Bari	IN	24	3
Bungoma		KE	12	3
Broomfield		US	CO	3
Bolvadin		TR	03	3
Basyūn	Basyun	EG	05	3
Besuki		ID	08	3
Buin		CL	12	3
Beledweyne		SO	07	3
Bozüyük	Bozuyuk	TR	11	3
Bayan		CN	08	3
Boryspil’	Boryspil'	UA	13	3
Berëzovskiy	Berezovskiy	RU	29	3
Bad Salzuflen		DE	07	3
Bandar Labuan		MY	16	3
Bowie		US	MD	3
Boghni		DZ	14	3
Bartlett		US	TN	3
Belfort		FR	27	3
Belorechensk		RU	38	3
Bolgatanga		GH	10	3
Bahlā’	Bahla'	OM	01	3
Baden-Baden		DE	01	3
Bārāmati	Baramati	IN	16	3
Bījār	Bijar	IR	16	3
Bỉm Sơn	Bim Son	VN	34	3
Bắc Giang	Bac Giang	VN	71	3
Blois		FR	24	3
Bisceglie		IT	13	3
Batac City		PH	01	3
Buguruslan		RU	55	3
Brive-la-Gaillarde		FR	75	3
Beauvais		FR	32	3
Banes		CU	12	3
Bartolomé Masó	Bartolome Maso	CU	09	3
Bagheria		IT	15	3
Buseresere		TZ	28	3
Bobbili		IN	02	3
Bandar-e Ganāveh	Bandar-e Ganaveh	IR	22	3
Borūjen	Borujen	IR	03	3
Barbil		IN	21	3
Blue Springs		US	MO	3
Biswān	Biswan	IN	36	3
Bouïra	Bouira	DZ	21	3
Barra do Garças	Barra do Garcas	BR	14	3
Battle Creek		US	MI	3
Bergkamen		DE	07	3
Ban Talat Yai		TH	62	3
Biguaçu	Biguacu	BR	26	3
Busia		KE	13	3
Batatais		BR	27	3
Bryanka		UA	14	3
Bad Homburg vor der Höhe	Bad Homburg vor der Hoehe	DE	05	3
Blora		ID	07	3
Bhātāpāra	Bhatapara	IN	37	3
Barry		GB	WLS	3
Bitonto		IT	13	3
Brentwood		US	CA	3
Bezerros		BR	30	3
Barreiro		PT	19	3
Birine		DZ	22	3
Bunda		TZ	08	3
Beruniy		UZ	09	3
Buckeye		US	AZ	3
Barranqueras		AR	03	3
Batley		GB	ENG	3
Bingerville		CI	82	3
Budapest XXII. kerület	Budapest XXII. keruelet	HU	05	3
Bilhorod-Dnistrovs’kyy	Bilhorod-Dnistrovs'kyy	UA	17	3
Bletchley		GB	ENG	3
Bellevue		US	NE	3
Buta		CD	09	3
Balayan		PH	40	3
Bhongīr	Bhongir	IN	40	3
Businovo		RU	48	3
Berlin Treptow		DE	16	3
Burlington		US	NC	3
Belo Jardim		BR	30	3
Benevides		BR	16	3
Bārh	Barh	IN	34	3
Badūria	Baduria	IN	28	3
Bradenton		US	FL	3
Bad Oeynhausen		DE	07	3
Belleville		CA	08	3
Bentong Town		MY	06	3
Bloomfield		US	NJ	3
Balneário Camboriú	Balneario Camboriu	BR	26	3
Bannu		PK	03	3
Brookhaven		US	GA	3
Benevento		IT	04	3
Barra do Corda		BR	13	3
Barpeta		IN	03	3
Boituva		BR	27	3
Bhabhua		IN	34	3
Biel/Bienne		CH	BE	3
Bornheim		DE	07	3
Banyumas		ID	07	3
Baracoa		CU	10	3
Bulungu		CD	01	3
Bondy		FR	11	3
Banting		MY	12	3
Bājil	Bajil	YE	08	3
Bayombong		PH	02	3
Buduran		ID	08	3
Birni N Konni		NE	06	3
Bābolsar	Babolsar	IR	35	3
Bhamo		MM	04	3
Bāruipur	Baruipur	IN	28	3
Barnstable		US	MA	3
Bel Air South		US	MD	3
Balung		ID	08	3
Brentwood		GB	ENG	3
Badulla		LK	35	3
Bedong		MY	02	3
Belaya Kalitva		RU	61	3
Binghamton		US	NY	3
Barwāni	Barwani	IN	35	3
Buea		CM	09	3
Barrow in Furness		GB	ENG	3
Battipaglia		IT	04	3
Bail-Hongal		IN	19	3
Boulogne-sur-Mer		FR	32	3
Beryozovsky		RU	71	3
Bedford		US	TX	3
Berat		AL	40	3
Braintree		GB	ENG	3
Blainville		CA	10	3
Breves		BR	16	3
Beni Saf		DZ	36	3
Bagong Pagasa		PH	40	3
Bani Walid		LY	72	3
Boca Chica		DO	37	3
Barranca		PE	15	3
Böblingen	Boeblingen	DE	01	3
Banstead		GB	ENG	3
Batu Gajah		MY	07	3
Bhaisa		IN	40	3
Bitlis		TR	13	3
Bat Khela		PK	03	3
Banbury		GB	ENG	3
Balfour		ZA	07	3
Bugo		PH	10	3
Bauta		CU	AR	3
Burhānuddin	Burhanuddin	BD	85	3
Bhadrāchalam	Bhadrachalam	IN	40	3
Bünde	Buende	DE	07	3
Bourg-en-Bresse		FR	84	3
Beavercreek		US	OH	3
Beveren		BE	VLG	3
Boudouaou		DZ	40	3
Bishops Stortford		GB	ENG	3
Bobigny		FR	11	2
Bhīmunipatnam	Bhimunipatnam	IN	02	2
Berwick		AU	07	2
Berastagi		ID	26	2
Beaufort West		ZA	11	2
Bambanglipuro		ID	10	2
Berriane		DZ	45	2
Belleville		US	IL	2
Bridgewater		US	NJ	2
Beyşehir	Beysehir	TR	71	2
Bayonne		FR	75	2
Bluefields		NI	18	2
Birecik		TR	63	2
Boû Arfa	Bou Arfa	DZ	20	2
Brühl	Bruehl	DE	07	2
Baranoa		CO	04	2
Biloxi		US	MS	2
Binmaley		PH	01	2
Bonita Springs		US	FL	2
Batouri		CM	04	2
Basoko		CD	09	2
Bắc Ninh	Bac Ninh	VN	74	2
Barajas de Madrid		ES	29	2
Boadilla del Monte		ES	29	2
Bad Kreuznach		DE	08	2
Busia		UG	E	2
Bakau		GM	01	2
Barhiya		IN	34	2
Biella		IT	12	2
Bhīnmāl	Bhinmal	IN	24	2
Bangārapet	Bangarapet	IN	19	2
Bruchsal		DE	01	2
Basauri		ES	59	2
Bhātpāra Abhaynagar	Bhatpara Abhaynagar	BD	82	2
Bikramganj		IN	34	2
Blacksburg		US	VA	2
Bountiful		US	UT	2
Burlington		US	VT	2
Bālāpur	Balapur	IN	16	2
Baturaden		ID	07	2
Bucha		UA	13	2
Baardheere		SO	06	2
Bilajari		AZ	09	2
Bustos		PH	03	2
Budapest VI. kerület	Budapest VI. keruelet	HU	05	2
Balad		IQ	18	2
Bell Gardens		US	CA	2
Biaora		IN	35	2
Brumado		BR	05	2
Bautzen		DE	13	2
Ban Phaeo		TH	55	2
Besni		TR	02	2
Bietigheim-Bissingen		DE	01	2
Bāghpat	Baghpat	IN	36	2
Bar Bigha		IN	34	2
Bilāra	Bilara	IN	24	2
Basīrpur	Basirpur	PK	04	2
Bang Bua Thong		TH	38	2
Buffalo Grove		US	IL	2
Bugojno		BA	01	2
Bartlett		US	IL	2
Burke		US	VA	2
Bharthana		IN	36	2
Birsk		RU	08	2
Bastia		FR	94	2
Beringen		BE	VLG	2
Borken		DE	07	2
Burla		IN	21	2
Banyo		CM	10	2
Bom Jesus da Lapa		BR	05	2
Bolesławiec	Boleslawiec	PL	72	2
Babijn		AW	00	2
Bayugan		PH	13	2
Bexhill-on-Sea		GB	ENG	2
Beverly Cove		US	MA	2
Bom Despacho		BR	15	2
Bilecik		TR	11	2
Barmbek-Nord		DE	04	2
Bozoum		CF	13	2
Ban Na		TH	09	2
Balzar		EC	10	2
Blanes		ES	56	2
Burton upon Trent		GB	ENG	2
Balykchy		KG	07	2
Bloxwich		GB	ENG	2
Ballerup		DK	17	2
Bānsi	Bansi	IN	36	2
Billerica		US	MA	2
Bīlāspur	Bilaspur	IN	36	2
Bhavāni	Bhavani	IN	25	2
Bang Lamung		TH	46	2
Bera		BD	83	2
Bullhead City		US	AZ	2
Beverly		US	MA	2
Britz		DE	16	2
Banaybanay		PH	40	2
Brak		LY	78	2
Bensheim		DE	05	2
Bridgend		GB	WLS	2
Borlänge	Borlaenge	SE	10	2
Bor		RS	SE	2
Bodrum		TR	48	2
Brea		US	CA	2
Bāniyās	Baniyas	SY	14	2
Boucherville		CA	10	2
Blacktown		AU	02	2
Brčko	Brcko	BA	BRC	2
Bānka	Banka	IN	34	2
Bagneux		FR	11	2
Boundiali		CI	87	2
Buaran		ID	07	2
Bukama		CD	05	2
Beypazarı	Beypazari	TR	68	2
Barendrecht		NL	11	2
Bury St Edmunds		GB	ENG	2
Bougaa		DZ	12	2
Binalbagan		PH	06	2
Bhālki	Bhalki	IN	19	2
Buckow		DE	16	2
Burjassot		ES	60	2
Brzeg		PL	79	2
Bassano del Grappa		IT	20	2
Buxtehude		DE	06	2
Bherāmāra	Bheramara	BD	82	2
Bol’shoy Kamen’	Bol'shoy Kamen'	RU	59	2
Burhaniye		TR	10	2
Bhawāniganj	Bhawaniganj	IN	35	2
Bridgwater		GB	ENG	2
Brookfield		US	WI	2
Bron		FR	84	2
Beckum		DE	07	2
Baniachang		BD	86	2
Bilāsipāra	Bilasipara	IN	03	2
Bremerton		US	WA	2
Baja		HU	01	2
Bijeljina		BA	02	2
Bhādra	Bhadra	IN	24	2
Bantvāl	Bantval	IN	19	2
Beverwijk		NL	07	2
Baksan		RU	22	2
Braine-l'Alleud		BE	WAL	2
Bairāgnia	Bairagnia	IN	34	2
Bartın	Bartin	TR	87	2
Bāngarmau	Bangarmau	IN	36	2
Bindura		ZW	03	2
Buchholz in der Nordheide		DE	06	2
Bayt Ḩānūn	Bayt Hanun	PS	GZ	2
Barda		AZ	11	2
Bonoua		CI	89	2
Barauli		IN	34	2
Bozeman		US	MT	2
Banjar		ID	30	2
Barra Bonita		BR	27	2
Bardsīr	Bardsir	IR	29	2
Brentwood		US	TN	2
Bahía de Caráquez	Bahia de Caraquez	EC	14	2
Brasschaat		BE	VLG	2
Beberibe		BR	06	2
Bentota		LK	34	2
Beşikdüzü	Besikduzu	TR	61	2
Beloit		US	WI	2
Belleville		US	NJ	2
Beaumont		US	CA	2
Bulancak		TR	28	2
Boryslav		UA	15	2
Barwāla	Barwala	IN	10	2
Burleson		US	TX	2
Bogorodsk		RU	51	2
Brighton		US	NY	2
Bayjī	Bayji	IQ	18	2
Bayāna	Bayana	IN	24	2
Blyth		GB	ENG	2
Bongabon		PH	03	2
Butel		MK	F4	2
Bayawan		PH	07	2
Bindki		IN	36	2
Blagodarnyy		RU	70	2
Bicester		GB	ENG	2
Boston		GB	ENG	2
Backnang		DE	01	2
Bertioga		BR	27	2
Bartlesville		US	OK	2
Billingham		GB	ENG	2
Beslan		RU	68	2
Ban Phai		TH	22	2
Barreiros		BR	30	2
Babīna	Babina	IN	36	2
Bell		US	CA	2
Bougouni		ML	06	2
Budhāna	Budhana	IN	36	2
Betamcherla		IN	02	2
Boardman		US	OH	2
Bentonville		US	AR	2
Barpeta Road		IN	03	2
Bollate		IT	09	2
Buddh Gaya		IN	34	2
Briton Ferry		GB	WLS	2
Bell Ville		AR	05	2
Bridlington		GB	ENG	2
Bay City		US	MI	2
Bernau bei Berlin		DE	11	2
Bentley		GB	ENG	2
Beja		PT	03	2
Boyarka		UA	13	2
Barcellona Pozzo di Gotto		IT	15	2
Banjul		GM	01	2
Burriana		ES	60	2
Bājitpur	Bajitpur	BD	81	2
Baltiysk		RU	23	2
Bakhtiyārpur	Bakhtiyarpur	IN	34	2
Billericay		GB	ENG	2
Brant		CA	08	2
Balingen		DE	01	2
Bongouanou		CI	81	2
Barinitas		VE	05	2
Bragança	Braganca	PT	05	2
Butterworth		ZA	05	2
Babati		TZ	27	2
Brunswick		US	OH	2
Beruwala		LK	36	2
Blagoveshchensk		RU	08	2
Bayt al Faqīh	Bayt al Faqih	YE	08	2
Butte		US	MT	2
Bordj Ghdir		DZ	39	2
Beverly Hills		US	CA	2
Bodø	Bodo	NO	09	2
Biharamulo		TZ	19	2
Baulkham Hills		AU	02	2
Barbalha		BR	06	2
Bariadi		TZ	31	2
Boa Esperança	Boa Esperanca	BR	15	2
Bhiwadi		IN	24	2
Bahjoi		IN	36	2
Beni Douala		DZ	14	2
Bauan		PH	40	2
Bay		PH	40	2
Ban Ratsada		TH	62	2
Butte-Silver Bow (Balance)		US	MT	2
Braintree		US	MA	2
Bothell		US	WA	2
Bagnolet		FR	11	2
Begamganj		IN	35	2
Brighton		US	CO	2
Burien		US	WA	2
Bettendorf		US	IA	2
Bensonville		LR	14	2
Biarritz		FR	75	2
Bathurst		AU	02	2
Brugherio		IT	09	2
Bardejov		SK	05	2
Bangor		US	ME	2
Bhādāsar	Bhadasar	IN	24	2
BABOR - VILLE		DZ	12	2
Bodītī	Boditi	ET	54	2
Bagasra		IN	09	2
Būr Safājah	Bur Safajah	EG	02	2
Brighouse		GB	ENG	2
Bihārīganj	Bihariganj	IN	34	2
Badarganj		BD	87	2
Bambari		CF	11	2
Barnstaple		GB	ENG	2
Bāndarban	Bandarban	BD	84	2
Bugarama		TZ	19	2
Bor		TR	73	2
Biberach an der Riß	Biberach an der Riss	DE	01	2
Bethel Park		US	PA	2
Boyolangu		ID	08	2
Bogdanovich		RU	71	2
Borehamwood		GB	ENG	2
Bisauli		IN	36	2
Bocaiúva	Bocaiuva	BR	15	2
Bernburg		DE	14	2
Boende		CD	02	2
Binche		BE	WAL	2
Barbacha		DZ	18	2
Bandipura		IN	12	2
Beverley		GB	ENG	2
Bāsudebpur	Basudebpur	IN	21	2
Belalcazar		CO	09	2
Bhera		PK	04	2
Bhatkal		IN	19	2
Béthune	Bethune	FR	32	2
Barabinsk		RU	53	2
Bandar		ID	26	2
Bulanık	Bulanik	TR	49	2
Bahādurganj	Bahadurganj	IN	34	2
Bramsche		DE	06	2
Birendranagar		NP	MR	2
Bussum		NL	07	2
Barra do Bugres		BR	14	2
Brentwood Estates		US	TN	2
Bahau		MY	05	2
Banī Suhaylā	Bani Suhayla	PS	GZ	2
Bayburt		TR	77	2
Bāfq	Bafq	IR	40	2
Burgess Hill		GB	ENG	2
Balakliya		UA	07	2
Ban Khlong Bang Sao Thong		TH	42	2
Barberà del Vallès	Barbera del Valles	ES	56	2
Betioky		MG	7670913	2
Baalbek		LB	11	2
Biga		TR	17	2
Basavana Bāgevādi	Basavana Bagevadi	IN	19	2
Bielawa		PL	72	2
Bom Jesus do Itabapoana		BR	21	2
Bad Vilbel		DE	05	2
Bad Hersfeld		DE	05	2
Benton		US	AR	2
Bayān	Bayan	KW	00	2
Banamba		ML	07	2
Bankstown		AU	02	2
Bel Air North		US	MD	2
Baie-Mahault		GP	GP	2
Barberena		GT	18	2
Butajīra	Butajira	ET	54	2
Borzya		RU	93	2
Ballwin		US	MO	2
Binnish		SY	12	2
Beykonak		TR	07	2
Bad Nauheim		DE	05	2
Bakri		MY	01	2
Bouinan		DZ	20	2
Bhāndāria	Bhandaria	BD	85	2
Burgdorf		DE	06	2
Bogoroditsk		RU	76	2
Buhi		PH	05	2
Brooklyn Center		US	MN	2
Bowling Green		US	OH	2
Bidur		MY	07	2
Birpara		IN	28	2
Barnet		GB	ENG	2
Burton		US	MI	1
Bedworth		GB	ENG	1
Bhongaon		IN	36	1
Barcarena		BR	16	1
Baie-Comeau		CA	10	1
Betafo		MG	7670854	1
Burntwood		GB	ENG	1
Bilāri	Bilari	IN	36	1
Byaroza		BY	01	1
Bilzen		BE	VLG	1
Betong		TH	70	1
Banning		US	CA	1
Bellechasse Regional County Municipality		CA	10	1
Bang Phae		TH	52	1
Begoro		GH	05	1
Boxtel		NL	06	1
Bandeirantes		BR	18	1
Bačka Palanka	Backa Palanka	RS	VO	1
Branford		US	CT	1
Brunssum		NL	05	1
Bromsgrove		GB	ENG	1
Bucak		TR	15	1
Bachhraon		IN	36	1
Ban Phan Don		TH	76	1
Bühl	Buhl	DE	01	1
Bochnia		PL	77	1
Best		NL	06	1
Boaco		NI	01	1
Bibai		JP	12	1
Bria		CF	03	1
Bethlehem		PS	WE	1
Banda		IN	35	1
Ballymena		GB	NIR	1
Burbank		US	IL	1
Businga		CD	02	1
Burlingame		US	CA	1
Bariri		BR	27	1
Bahār	Bahar	IR	09	1
Bah-Bah		PH	13	1
Barneveld		NL	03	1
Barra dos Coqueiros		BR	28	1
Buturlinovka		RU	86	1
Bouar		CF	09	1
Bulan		PH	05	1
Balapulang		ID	07	1
Bozyazı	Bozyazi	TR	32	1
Ben Mehidi		DZ	44	1
Bang Bo District		TH	42	1
Bergerac		FR	75	1
Bādāmi	Badami	IN	19	1
Buriram		TH	28	1
Bjelovar		HR	01	1
Ban Chang		TH	47	1
Burgos		PH	03	1
Baunatal		DE	05	1
Bretten		DE	01	1
Bezhetsk		RU	77	1
Buluan		PH	14	1
Brierley Hill		GB	ENG	1
Ban Bang Kadi Pathum Thani		TH	36	1
Birmitrapur		IN	21	1
Bungu		TZ	02	1
Bolobo		CD	01	1
Bāmor Kalān	Bamor Kalan	IN	35	1
Bearsden		GB	SCT	1
Baesweiler		DE	07	1
Bad Neuenahr-Ahrweiler		DE	08	1
Bom Conselho		BR	30	1
Buurhakaba		SO	04	1
Bongor		TD	16	1
Byādgi	Byadgi	IN	19	1
Boyabat		TR	57	1
Bazar-Korgon		KG	03	1
Bregenz		AT	08	1
Bou Hanifia el Hamamat		DZ	26	1
Bezons		FR	11	1
Brumadinho		BR	15	1
Bad Zwischenahn		DE	06	1
Beldānga	Beldanga	IN	28	1
Bessemer		US	AL	1
Bossangoa		CF	12	1
Brejo Santo		BR	06	1
Brejo da Madre de Deus		BR	30	1
Banora Point		AU	02	1
Bulakamba		ID	07	1
Bronkhorstspruit		ZA	06	1
Brodnica		PL	73	1
Bouznika		MA	50	1
Big Spring		US	TX	1
Badr Ḩunayn	Badr Hunayn	SA	05	1
Bilgrām	Bilgram	IN	36	1
Bidhūna	Bidhuna	IN	36	1
Baynjiwayn		IQ	05	1
Berasia		IN	35	1
Babat		ID	08	1
Brilon		DE	07	1
Bhawanipur		IN	34	1
Benicia		US	CA	1
Biłgoraj	Bilgoraj	PL	75	1
Barrinha		BR	27	1
Back Mountain		US	PA	1
Borşa	Borsa	RO	25	1
Buzen		JP	07	1
Boscoreale		IT	04	1
Bafoulabé	Bafoulabe	ML	03	1
Baro		NG	31	1
Bulung’ur	Bulung'ur	UZ	10	1
Banmankhi		IN	34	1
Bor		SS	03	1
Bergenfield		US	NJ	1
Babaeski		TR	39	1
Bristol		US	TN	1
Boukadir		DZ	41	1
Benicarló	Benicarlo	ES	60	1
Birnin Kudu		NG	39	1
Barberton		US	OH	1
Blenheim		NZ	F4	1
Bakhchysaray		UA	11	1
Bongao		PH	14	1
Bielsk Podlaski		PL	81	1
Buy		RU	37	1
Boisbriand		CA	10	1
Bella Vista		US	AR	1
Beitbridge		ZW	07	1
Biritiba Mirim		BR	27	1
Badagry		NG	05	1
Bektemir		UZ	13	1
Bay Shore		US	NY	1
Bilsi		IN	36	1
Borger		NL	01	1
Bayanhongor		MN	02	1
Bignona		SN	12	1
Brandon		CA	03	1
Bou Tlelis		DZ	09	1
Ban Talat Bueng		TH	46	1
Buenaventura Lakes		US	FL	1
Batavia		US	IL	1
Berwick-Upon-Tweed		GB	ENG	1
Brecht		BE	VLG	1
Belmont		US	CA	1
Behror		IN	24	1
Bireun		ID	01	1
Břeclav	Breclav	CZ	78	1
Bečej	Becej	RS	VO	1
Berehove		UA	25	1
Buchanan		LR	11	1
Bresso		IT	09	1
Bundoora		AU	07	1
Bishop Auckland		GB	ENG	1
Burlington		US	IA	1
Bartoszyce		PL	85	1
Bang Pakong		TH	44	1
Bacoli		IT	04	1
Belvidere		US	IL	1
Beuningen		NL	03	1
Broek op Langedijk		NL	07	1
Bramhall		GB	ENG	1
Bartley Green		GB	ENG	1
Bannūr	Bannur	IN	19	1
Budhlāda	Budhlada	IN	23	1
Bridgeton		US	NJ	1
Bad Honnef		DE	07	1
Banganapalle		IN	02	1
Baloda Bāzār	Baloda Bazar	IN	37	1
Butzbach		DE	05	1
Bologoye		RU	77	1
Blackheath		GB	ENG	1
Buritizeiro		BR	15	1
Budaörs	Budaors	HU	16	1
Belluno		IT	20	1
Boysun		UZ	12	1
Batu Berendam		MY	04	1
Bojia		CN	11	1
Biesdorf		DE	16	1
Baggabag B		PH	02	1
Burg bei Magdeburg		DE	14	1
Brawley		US	CA	1
Bedburg		DE	07	1
Bemetāra	Bemetara	IN	37	1
Bawāna	Bawana	IN	07	1
Baden		AT	03	1
Buenaventura		CO	29	1
Buzovna		AZ	09	1
Bourgoin		FR	84	1
Bamusso		CM	09	1
Belmont		US	MA	1
Budapest I. kerület	Budapest I. keruelet	HU	05	1
Bagnoli		IT	04	1
Boa Viagem		BR	06	1
Bingen am Rhein		DE	08	1
Biny Selo		AZ	09	1
Bijbiāra	Bijbiara	IN	12	1
Baarn		NL	09	1
Burlington		US	MA	1
Bruay-la-Buissière	Bruay-la-Buissiere	FR	32	1
Bangassou		CF	08	1
Bad Oldesloe		DE	10	1
Brétigny-sur-Orge	Bretigny-sur-Orge	FR	11	1
Bois-Colombes		FR	11	1
Białogard	Bialogard	PL	87	1
Blagnac		FR	76	1
Boca Del Mar		US	FL	1
Balabanovo		RU	25	1
Barstow Heights		US	CA	1
Beaune		FR	27	1
Barki Saria		IN	38	1
Brunoy		FR	11	1
Bra		IT	12	1
Bhachāu	Bhachau	IN	09	1
Baldwin		US	NY	1
Bāgepalli	Bagepalli	IN	19	1
Bembèrèkè	Bembereke	BJ	10	1
Badou		TG	25	1
Belo sur Tsiribihina		MG	7670902	1
Bāzpur	Bazpur	IN	39	1
Brockville		CA	08	1
Bungo-Takada-shi		JP	30	1
Bloomington		US	CA	1
Bezenchuk		RU	65	1
Balch Springs		US	TX	1
Blue Island		US	IL	1
Boshkengash		TJ	7280679	1
Baileys Crossroads		US	VA	1
Bogotol		RU	91	1
Bassila		BJ	13	1
Bouna		CI	92	1
Bogo		PH	07	1
Bourgoin-Jallieu		FR	84	1
Ban Bueng		TH	46	1
Bègles	Begles	FR	75	1
Birūr	Birur	IN	19	1
Bayonet Point		US	FL	1
Basni		IN	24	1
Ban Talat Nua		TH	62	1
Bakhmach		UA	02	1
Balbriggan		IE	L	1
Bāgha Purāna	Bagha Purana	IN	23	1
Baza		ES	51	1
Bellview		US	FL	1
Bāglung	Baglung	NP	WR	1
Broadstairs		GB	ENG	1
Bewar		IN	36	1
Brody		UA	15	1
Bayanhongor		MN	02	1
Beersel		BE	VLG	1
Blieskastel		DE	09	1
Biancavilla		IT	15	1
Belton		US	MO	1
Bohumín	Bohumin	CZ	85	1
Béoumi	Beoumi	CI	90	1
Bainbridge Island		US	WA	1
Boumahra Ahmed		DZ	23	1
Beloha		MG	7670911	1
Botolan		PH	03	1
Baharly		TM	01	1
Bavly		RU	73	1
Bihoro		JP	12	1
Bad Harzburg		DE	06	1
Barbate de Franco		ES	51	1
Biankouma		CI	78	1
Balarāmpur	Balarampur	IN	28	1
Bambang		PH	02	1
Bristol		US	RI	1
Bandar-e Lengeh		IR	11	1
Bloomingdale		US	FL	1
Bishopbriggs		GB	SCT	1
Bānswāda	Banswada	IN	40	1
Barstow		US	CA	1
Bissāu	Bissau	IN	24	1
Baddi		IN	11	1
Batu Arang		MY	12	1
Bélabo	Belabo	CM	04	1
Bafilo		TG	23	1
Bafatá	Bafata	GW	01	1
Baswa		IN	24	1
Bugiri		UG	E	1
Banikoara		BJ	07	1
Bhānder	Bhander	IN	35	1
Bad Mergentheim		DE	01	1
Belper		GB	ENG	1
Baturité	Baturite	BR	06	1
Bou Ismaïl	Bou Ismail	DZ	55	1
Bignay Uno		PH	40	1
Berber		SD	53	1
Barão de Cocais	Barao de Cocais	BR	15	1
Braço do Norte	Braco do Norte	BR	26	1
Barceloneta		PR	017	1
Bryukhovetskaya		RU	38	1
Barakī Barak	Baraki Barak	AF	17	1
Borssele		NL	10	1
Balamban		PH	07	1
Balod		IN	37	1
Büren	Bueren	DE	07	1
Barañáin	Baranain	ES	32	1
Beohāri	Beohari	IN	35	1
Brookings		US	SD	1
Burē	Bure	ET	46	1
Bloomingdale		US	IL	1
Bhinga		IN	36	1
Beshariq		UZ	03	1
Ban Na San		TH	60	1
Busselton		AU	08	1
Brent		US	FL	1
Boo		SE	26	1
Brushy Creek		US	TX	1
Bakal		RU	13	1
Ban Nong Wua So		TH	76	1
Brandon		US	MS	1
Bougado		PT	17	1
Birkirkara		MT	04	1
Bad Pyrmont		DE	06	1
Barras		BR	20	1
Banat		IN	36	1
Büdingen	Buedingen	DE	05	1
Belūr	Belur	IN	19	1
Bay Point		US	CA	1
Bozova		TR	63	1
Bānsdīh	Bansdih	IN	36	1
Bansalan		PH	11	1
Bad Soden am Taunus		DE	05	1
Brummen		NL	03	1
Brezno		SK	01	1
Bad Kissingen		DE	02	1
Bedi		IN	09	1
Buxton		GB	ENG	1
Brownsburg		US	IN	1
Bensekrane		DZ	15	1
Biddeford		US	ME	1
Benbrook		US	TX	1
Békés	Bekes	HU	03	1
Bedford		US	NH	1
Bidbid		OM	01	1
Boldumsaz		TM	03	1
Basi		IN	24	1
Bayaguana		DO	32	1
Belas		PT	14	1
Bagulā	Bagula	IN	28	1
Burunday		KZ	01	1
Berriozábal	Berriozabal	MX	05	1
Basotu		TZ	27	1
Baena		ES	51	1
Berëzovka	Berezovka	RU	91	1
Botevgrad		BG	58	1
Barra		BR	05	1
Bruchköbel	Bruchkoebel	DE	05	1
Bixby		US	OK	1
Begūn	Begun	IN	24	1
Boronia		AU	07	1
Bhānvad	Bhanvad	IN	09	1
Blythe		US	CA	1
Bad Berleburg		DE	07	1
Bressuire		FR	75	1
Barra de São Francisco	Barra de Sao Francisco	BR	08	1
Bétera	Betera	ES	60	1
Bückeburg	Buckeburg	DE	06	1
Buftea		RO	43	1
Bhuvanagiri		IN	25	1
Bhanjanagar		IN	21	1
Bethany		US	OR	1
Balş	Bals	RO	29	1
Bobrov		RU	86	1
Bad Rappenau		DE	01	1
Bergneustadt		DE	07	1
Boudjima		DZ	14	1
Borne		NL	15	1
Baar		CH	ZG	1
Booval		AU	04	1
Bang Pa-in		TH	36	1
Bhuban		IN	21	1
Bagan Serai		MY	07	1
Borgomanero		IT	12	1
Budapest XXIII. kerület	Budapest XXIII. keruelet	HU	05	1
Blansko		CZ	78	1
Bagua Grande		PE	01	1
Barbosa		CO	26	1
Blaj		RO	01	1
Bingley		GB	ENG	1
Buíque	Buique	BR	30	1
Byndoor		IN	19	1
Boca Suno		EC	24	1
Brownhills		GB	ENG	1
Bedelē	Bedele	ET	51	1
Buinsk		RU	73	1
Baras		PH	40	1
Barpāli	Barpali	IN	21	1
Bellshill		GB	SCT	1
Berkel en Rodenrijs		NL	11	1
Braine-le-Comte		BE	WAL	1
Bela		PK	02	1
Belen		TR	31	1
Birmingham		US	MI	1
Beloyarskiy		RU	32	1
Boussu		BE	WAL	1
Batang Berjuntai		MY	12	1
Balaklava		UA	20	1
Baki		SO	21	1
Bol’shaya Setun’	Bol'shaya Setun'	RU	47	1
Bcharré	Bcharre	LB	09	1
Bowthorpe		GB	ENG	1
Bornem		BE	VLG	1
Balen		BE	VLG	1
Burnie		AU	06	1
Balwyn North		AU	07	1
Băicoi	Baicoi	RO	30	1
Brunswick		AU	07	1
Beolgyo		KR	16	1
Bad Waldsee		DE	01	1
Bahía Honda	Bahia Honda	CU	AR	1
Beni Mester		DZ	15	1
Banī Na‘īm	Bani Na`im	PS	WE	1
Bordj Zemoura		DZ	39	1
Bourg-lès-Valence	Bourg-les-Valence	FR	84	1
Baldwin		US	PA	1
Bururi		BI	10	1
Bad Schwartau		DE	10	1
Bikin		RU	30	1
Bieruń	Bierun	PL	83	1
Bŭka	Buka	UZ	14	1
Bagnols-sur-Cèze	Bagnols-sur-Ceze	FR	76	1
Baao		PH	05	1
Borodino		RU	91	1
Băileşti	Bailesti	RO	17	1
Bahçe	Bahce	TR	81	1
Bad Driburg		DE	07	1
Bhadrapur		NP	ER	1
Butiá	Butia	BR	23	1
Badger		US	AK	1
Ban Dung		TH	76	1
Bijāwar	Bijawar	IN	35	1
Būndu	Bundu	IN	38	1
Bhāyāvadar	Bhayavadar	IN	09	1
Französisch Buchholz	Buchholz	DE	16	1
Broadview Heights		US	OH	1
Belsand		IN	34	1
Bodegraven		NL	11	1
Bönen	Bonen	DE	07	1
Bhawānīgarh	Bhawanigarh	IN	23	1
Bear		US	DE	1
Bayou Cane		US	LA	1
Bilhaur		IN	36	1
Bhit Shāh	Bhit Shah	PK	05	1
Berrahal		DZ	37	1
Baixo Guandu		BR	08	1
Brownwood		US	TX	1
Bremervörde	Bremervoerde	DE	06	1
Balyqshy		KZ	06	1
Batī	Bati	ET	46	1
Bāli	Bali	IN	24	1
Banga		IN	23	1
Balta		UA	17	1
Burscheid		DE	07	1
Bladel		NL	06	1
Brook Park		US	OH	1
Beaconsfield		CA	10	1
Bālāchor	Balachor	IN	23	1
Benavente		ES	55	1
Bexbach		DE	09	1
Berea		US	OH	1
Bashanet		TZ	27	1
Barcelos		PT	04	1
Brezina		DZ	42	1
Bibiani		GH	09	1
Bellwood		US	IL	1
Bethany		US	OK	1
Bad Münstereifel	Bad Muenstereifel	DE	07	1
Bhasāwar	Bhasawar	IN	24	1
Bābra	Babra	IN	09	1
Bantayan		PH	07	1
Bhor		IN	16	1
Brookfield		US	IL	1
Bonga		ET	54	1
Bīrpur	Birpur	IN	34	1
Benthuizen		NL	11	1
Bauda		IN	21	1
Bánovce nad Bebravou	Banovce nad Bebravou	SK	06	1
Beloeil		CA	10	1
Balaka		MW	S	1
Birkerød	Birkerod	DK	17	1
Buchen		DE	01	1
Boiro		ES	58	1
Bang Krathum		TH	12	1
Bourg-la-Reine		FR	11	1
Bambuí	Bambui	BR	15	1
Bradford West Gwillimbury		CA	08	1
Borna		DE	13	1
Badnāwar	Badnawar	IN	35	1
Bailén	Bailen	ES	51	1
Braník	Branik	CZ	52	1
Basi		IN	23	1
Bad Münder am Deister	Bad Muender am Deister	DE	06	1
Bonneuil-sur-Marne		FR	11	1
Bad Dürkheim	Bad Duerkheim	DE	08	1
Brotas		BR	27	1
Bogatynia		PL	72	1
Buenavista		PH	13	1
Bronnitsy		RU	47	1
Beroroha		MG	7670913	1
Bourbonnais		US	IL	1
Bar-le-Duc		FR	44	1
Basi		IN	23	1
Bormujos		ES	51	1
Barysh		RU	81	1
Bhūm	Bhum	IN	16	1
Bitkine		TD	05	1
Badīyah	Badiyah	OM	12	1
Buckley		GB	WLS	1
Belo Oriente		BR	15	1
Baddomalhi		PK	04	1
Broken Hill		AU	02	1
Beni Amrane		DZ	40	1
Burnham-on-Sea		GB	ENG	1
Bronte		IT	15	1
Buhuşi	Buhusi	RO	04	1
Ban Tak		TH	08	1
Brodósqui	Brodosqui	BR	27	1
Braniewo		PL	85	1
Bensenville		US	IL	1
Banyoles		ES	56	1
Ballenger Creek		US	MD	1
Burghausen		DE	02	1
Blankenberge		BE	VLG	1
Boden		SE	14	1
Behat		IN	36	1
Belton		US	TX	1
Burhar		IN	35	1
Bad Langensalza		DE	15	1
Barka Kāna	Barka Kana	IN	38	1
Bergeijk	Bergeyk	NL	06	1
Burlata		ES	32	1
Barreiro do Jaíba	Barreiro do Jaiba	BR	15	1
Bela Vista		BR	11	1
Bejucal		CU	MA	1
Brymbo		GB	WLS	1
Benicàssim	Benicassim	ES	60	1
Bilohirs’k	Bilohirs'k	UA	11	1
Ban Chalong		TH	62	1
Bad Wildungen		DE	05	1
Balmazújváros	Balmazujvaros	HU	10	1
Beni Khiar		TN	19	1
Bhogpur		IN	23	1
Beloozërskiy	Beloozerskiy	RU	47	1
Bhattiprolu		IN	02	1
Budva		ME	05	1
Barjala		IN	26	1
Belaya Glina		RU	38	1
Breaza		RO	30	1
Bang Len		TH	53	1
Brigham City		US	UT	1
Bako		ET	54	1
Bondo		CD	09	1
Brixham		GB	ENG	1
Bristol		US	VA	1
Bastia umbra		IT	18	1
Bilopillya		UA	21	1
Bunschoten		NL	09	1
Bohodukhiv		UA	07	1
Brakel		DE	07	1
Bar		ME	02	1
Bangolo		CI	78	1
Bolotnoye		RU	53	1
Bắc Kạn	Bac Kan	VN	72	1
Buriti Bravo		BR	13	1
Bruntál	Bruntal	CZ	85	1
Bastos		BR	27	1
Bhitarwār	Bhitarwar	IN	35	1
Bad Aibling		DE	02	1
Bel Air Rivière Sèche	Bel Air Riviere Seche	MU	13	1
Baybay		PH	08	1
Bishopstoke		GB	ENG	1
Barra Velha		BR	26	1
Bellaria-Igea Marina		IT	05	1
Biddulph		GB	ENG	1
Babana		NG	31	1
Bay City		US	TX	1
Beckley		US	WV	1
Bethnal Green		GB	ENG	1
Bargi		IN	35	1
Battle Ground		US	WA	1
Beroun		CZ	88	1
Balassagyarmat		HU	14	1
Bhadaur		IN	23	1
Bedēsa	Bedesa	ET	51	1
Bayswater		GB	ENG	1
Bykhaw		BY	06	1
Bānapur	Banapur	IN	21	1
Bendorf		DE	08	1
Baymak		RU	08	1
Boulsa		BF	05	1
Belle Glade		US	FL	1
Beli		NG	43	1
Barreirinhas		BR	13	1
Bischheim		FR	44	1
Bad Tölz	Bad Toelz	DE	02	1
Ban Selaphum		TH	25	1
Bukit Rambai		MY	04	1
Broek in Waterland		NL	07	1
Bushey		GB	ENG	1
Bonney Lake		US	WA	1
Bāghdogra	Baghdogra	IN	28	1
Boksitogorsk		RU	42	1
Barrancas		CO	17	1
Banūr	Banur	IN	23	1
Bulgan		MN	21	1
Bhopālwāla	Bhopalwala	PK	04	1
Bartow		US	FL	1
Barrhead		GB	SCT	1
Bhānpurī	Bhanpuri	IN	37	1
Bālugaon	Balugaon	IN	21	1
Bilthra		IN	36	1
Ballitoville		ZA	02	1
Baumschulenweg		DE	16	1
Blomberg		DE	07	1
Berga		ES	56	1
Banepā	Banepa	NP	CR	1
Balāţah	Balatah	PS	WE	1
Beek		NL	05	1
Bayside		US	CA	1
Bloemhof		ZA	10	1
Boone		US	NC	1
Bauang		PH	01	1
Busko-Zdrój	Busko-Zdroj	PL	84	1
Bhānpura	Bhanpura	IN	35	1
Banaz		TR	64	1
Broad Ripple		US	IN	1
Beshkent		UZ	08	1
Ban Lŭng	Ban Lung	KH	23	1
Barroso		BR	15	1
Bārah	Barah	SD	56	1
Бережани	Berezhani	UA	22	1
Bhān	Bhan	PK	05	1
Bogo		CM	12	1
Bealanana		MG	7670847	1
Bhindār	Bhindar	IN	24	1
Bato		PH	05	1
Bermeo		ES	59	1
Buulobarde		SO	07	1
Barbastro		ES	52	1
Bundibugyo		UG	W	1
Bad Reichenhall		DE	02	1
Bonny		NG	50	1
Brzesko		PL	77	1
Bellaire		US	TX	1
Bad Arolsen		DE	05	1
Bayındır	Bayindir	TR	35	1
Bang Rakam		TH	12	1
Bua Yai		TH	27	1
Bedlington		GB	ENG	1
Bouguenais		FR	52	1
Bloemendaal		NL	07	1
Bet She’an	Bet She'an	IL	03	1
Bo Phloi		TH	50	1
Balaguer		ES	56	1
Beltsville		US	MD	1
Baia Sprie		RO	25	1
Belonia		IN	26	1
Beri Khās	Beri Khas	IN	10	1
Boguszów-Gorce	Boguszow-Gorce	PL	72	1
Bytów	Bytow	PL	82	1
Bolhrad		UA	17	1
Barbosa		CO	02	1
Bryant		US	AR	1
Bobingen		DE	02	1
Babrāla	Babrala	IN	36	1
Barrington		US	RI	1
Boda		CF	07	1
Bar		UA	23	1
Blanquefort		FR	75	1
Bideford		GB	ENG	1
Bode Saadu		NG	30	1
Balezino		RU	80	1
Bang Ban		TH	36	1
Bergschenhoek		NL	11	1
Babenhausen		DE	05	1
Bellinzona		CH	TI	1
Bokajān	Bokajan	IN	03	1
Bānki	Banki	IN	21	1
Bad Säckingen	Bad Sackingen	DE	01	1
Bareggio		IT	09	1
Bovisio-Masciago		IT	09	1
Blanchardstown		IE	L	1
Bohuslav		UA	13	1
Borongan		PH	08	1
Bridgeview		US	IL	1
Bethpage		US	NY	1
Bharwāri	Bharwari	IN	36	1
Bichena		ET	46	1
Burutu		NG	36	1
Bad Salzungen		DE	15	1
Braunau am Inn		AT	04	1
Bhainsdehi		IN	35	1
Butiama		TZ	08	1
Bon Air		US	VA	1
Bocşa	Bocsa	RO	12	1
Butha-Buthe		LS	11	1
Bayshore Gardens		US	FL	1
Belpasso		IT	15	1
Buckhall		US	VA	1
Brvenica		MK	12	1
Bahula		IN	28	1
Bilgi		IN	19	1
Benešov	Benesov	CZ	88	1
Baeza		ES	51	1
Baiersbronn		DE	01	1
Berkhamsted		GB	ENG	1
Buritis		BR	15	1
Badvel		IN	02	1
Bry-sur-Marne		FR	11	1
Bellmore		US	NY	1
Bhawāna	Bhawana	PK	04	1
Boppard		DE	08	1
Beaver Dam		US	WI	1
Beerse		BE	VLG	1
Bassum		DE	06	1
Bayt Jālā	Bayt Jala	PS	WE	1
Bābai	Babai	IN	35	1
Banbridge		GB	NIR	1
Baihar		IN	35	1
Bāndīkūi	Bandikui	IN	24	1
Bačka Topola	Backa Topola	RS	VO	1
Brake (Unterweser)		DE	06	1
Baden		CH	AG	1
Brüggen	Bruggen	DE	07	1
Berettyóújfalu	Berettyoujfalu	HU	10	1
Belidzhi		RU	17	1
Bad Neustadt an der Saale		DE	02	1
Buckhaven		GB	SCT	1
Bad Segeberg		DE	10	1
Bulolo		PG	14	1
Buerarema		BR	05	1
Baucau		TL	BA	1
Brad		RO	21	1
Beckingen		DE	09	1
Billiri		NG	55	1
Bayeux		FR	28	1
Blankenburg		DE	14	1
Bhīkhi	Bhikhi	IN	23	1
Ban Mo		TH	37	1
Buri		BR	27	1
Bekalta		TN	16	1
Bodaybo		RU	20	1
Burlington		US	KY	1
Baskil		TR	23	1
Bradley		US	IL	1
Brie-Comte-Robert		FR	11	1
Barentu		ER	04	1
Busembatia		UG	E	1
Boissy-Saint-Léger	Boissy-Saint-Leger	FR	11	1
Bressanone		IT	17	1
Boussé	Bousse	BF	11	1
Bayambang		PH	01	1
Beaufort		MY	16	1
Bruckmühl	Bruckmuhl	DE	02	1
Baguim do Monte		PT	17	1
Bara Uchāna	Bara Uchana	IN	10	1
Boom		BE	VLG	1
Baruun-Urt		MN	17	1
Bebington		GB	ENG	1
Banderilla		MX	30	1
Bhudgaon		IN	16	1
Bílina	Bilina	CZ	89	1
Bad Essen		DE	06	1
Biggleswade		GB	ENG	1
Benoy		TD	08	1
Brenham		US	TX	1
Baildon		GB	ENG	1
Belén de Umbría	Belen de Umbria	CO	24	1
Bílina Kyselka	Bilina Kyselka	CZ	89	1
Boisar		IN	16	1
Berck-Plage		FR	32	1
Bagar		IN	24	1
Bay Village		US	OH	1
Bryn Mawr-Skyway		US	WA	1
Blytheville		US	AR	1
Bang Mun Nak		TH	13	1
Bari Sādri	Bari Sadri	IN	24	1
Berck		FR	32	1
Bitterfeld-Wolfen		DE	13	1
Baberu		IN	36	1
Baykal’sk	Baykal'sk	RU	20	1
Beylagan		AZ	12	1
Balma		FR	76	1
Belém	Belem	BR	17	1
Beacon		US	NY	1
Bukuru		NG	49	1
Bilsanda		IN	36	1
Bad Bentheim		DE	06	1
Ban Houakhoua		LA	22	1
Boroon		PH	10	1
Bilicenii Vechi		MD	85	1
Blackwood		GB	WLS	1
Bunawan		PH	13	1
Batavia		US	NY	1
Boké	Boke	GN	B	1
Buffalo		US	MN	1
Bangor		GB	WLS	1
Bilderstoeckchen		DE	07	1
Borovskiy		RU	78	1
Burrel		AL	41	1
Bijelo Polje		ME	04	1
Brandýs nad Labem-Stará Boleslav	Brandys nad Labem-Stara Boleslav	CZ	88	1
Brunswick		US	GA	1
Bostonia		US	CA	1
Bāh	Bah	IN	36	1
Bracken Ridge		AU	04	1
Ban Huai Thalaeng		TH	27	1
Bürstadt	Buerstadt	DE	05	1
Bathgate		GB	SCT	1
Bhikangaon		IN	35	1
Brownsville		US	FL	1
Bang Racham		TH	33	1
Benetússer	Benetusser	ES	60	1
Batangafo		CF	12	1
Bagayevskaya		RU	61	1
Belëv	Belev	RU	76	1
Baraguá	Baragua	CU	07	1
Beverungen		DE	07	1
Bigadiç	Bigadic	TR	10	1
Brusciano		IT	04	1
Bellavista		PE	22	1
Buderim		AU	04	1
Boskoop		NL	11	1
Bosanska Krupa		BA	01	1
Bad Laasphe		DE	07	1
Báguanos	Baguanos	CU	12	1
Brunswick		US	ME	1
Bad Lippspringe		DE	07	1
Bussolengo		IT	20	1
Brighton East		AU	07	1
Bogovinje		MK	C7	1
Belvedere Park		US	GA	1
Bang Saphan		TH	57	1
Buwenge		UG	E	1
Bredbury		GB	ENG	1
Bella Vista		AR	24	1
Binka		IN	21	1
Brackenheim		DE	01	1
Babo-Pangulo		PH	03	1
Bāntva	Bantva	IN	09	1
Boguchar		RU	86	1
Boujniba		MA	50	1
Berja		ES	51	1
Brignoles		FR	93	1
Berkovitsa		BG	47	1
Boulder City		US	NV	1
Béjar	Bejar	ES	55	1