name	asciiname	cc	admin1	0
Alexandria		EG	06	254
Ahmedabad		IN	09	247
Abidjan		CI	82	245
Ankara		TR	68	234
Addis Ababa		ET	44	183
Al Jīzah	Al Jizah	EG	08	162
Al Mawşil al Jadīdah	Al Mawsil al Jadidah	IQ	15	137
Al Başrah al Qadīmah	Al Basrah al Qadimah	IQ	02	134
Almaty		KZ	02	133
Algiers		DZ	01	131
Accra		GH	01	130
Aleppo		SY	09	106
Asunción	Asuncion	PY	22	98
Āgra	Agra	IN	36	95
Antananarivo		MG	7670856	92
Amman		JO	16	85
Adana		TR	81	83
Adelaide		AU	05	81
Anshan		CN	19	79
Amritsar		IN	23	72
Allahābād	Allahabad	IN	36	71
Aurangabad		IN	16	67
Abū Ghurayb	Abu Ghurayb	IQ	07	60
Abobo		CI	82	60
Aba		NG	45	59
Ahvaz		IR	15	56
Arequipa		PE	04	56
Austin		US	TX	52
Anyang		CN	09	52
Antalya		TR	07	50
Alīgarh	Aligarh	IN	36	50
Amsterdam		NL	07	49
Ashgabat		TM	01	48
Álvaro Obregón	Alvaro Obregon	MX	09	48
As Sulaymānīyah	As Sulaymaniyah	IQ	05	48
Agadir		MA	55	46
Athens		GR	ESYE31	44
Aguascalientes		MX	01	43
Acapulco de Juárez	Acapulco de Juarez	MX	12	43
Ansan-si		KR	13	43
Al Aḩmadī	Al Ahmadi	KW	04	42
Anyang-si		KR	13	42
Al Ḩudaydah	Al Hudaydah	YE	08	41
Amrāvati	Amravati	IN	16	40
Abu Dhabi		AE	01	40
Abeokuta		NG	16	39
Abuja		NG	11	39
Asmara		ER	05	37
Aden		YE	02	36
Antipolo		PH	40	36
Albuquerque		US	NM	36
Ajmer		IN	24	34
Āzādshahr	Azadshahr	IR	09	34
Aparecida de Goiânia	Aparecida de Goiania	BR	29	34
Āsansol	Asansol	IN	28	33
Arāk	Arak	IR	34	33
Astrakhan		RU	07	33
Aracaju		BR	28	32
Antwerpen		BE	VLG	30
Amagasaki		JP	13	29
Ananindeua		BR	16	28
Al Maḩallah al Kubrá	Al Mahallah al Kubra	EG	05	28
Akola		IN	16	28
Azcapotzalco		MX	09	28
Ado-Ekiti		NG	54	28
Akure		NG	48	28
Asyūţ	Asyut	EG	17	28
Al Manşūrah	Al Mansurah	EG	01	28
Atlanta		US	GA	28
Auckland		NZ	E7	27
Ardabīl	Ardabil	IR	32	27
Al Ain		AE	01	27
An Nāşirīyah	An Nasiriyah	IQ	09	26
Al Hoceïma	Al Hoceima	MA	58	26
Abomey-Calavi		BJ	09	25
Abadan		IR	15	24
Ahmadnagar		IN	16	24
Arlington		US	TX	24
Al Qadarif		SD	39	24
Ataşehir	Atasehir	TR	34	24
Anqing		CN	01	23
Asahikawa		JP	12	23
Arkhangel’sk	Arkhangel'sk	RU	06	23
Ambon		ID	28	23
Apodaca		MX	19	23
Anshun		CN	18	23
Astana		KZ	05	23
Arusha		TZ	26	22
Ambattūr	Ambattur	IN	25	22
Aksu		CN	13	22
Anaheim		US	CA	22
Alicante		ES	60	22
Akitashi		JP	02	21
Aurora		US	CO	21
Al ‘Amārah	Al `Amarah	IQ	14	21
Akita		JP	02	21
Anápolis	Anapolis	BR	29	21
Ad Dīwānīyah	Ad Diwaniyah	IQ	04	21
Andijon		UZ	01	21
Armenia		CO	23	21
Al Kūt	Al Kut	IQ	16	21
Antofagasta		CL	03	20
Al Fayyūm	Al Fayyum	EG	04	20
Angeles City		PH	03	19
Aomorishi		JP	03	19
Akashi		JP	13	19
Al Hufūf	Al Hufuf	SA	06	19
Anchorage		US	AK	19
Al Mubarraz		SA	06	19
Al Ḩillah	Al Hillah	IQ	06	19
Adapazarı	Adapazari	TR	54	19
Alto Barinas		VE	05	18
Alwar		IN	24	18
Ar Rayyān	Ar Rayyan	QA	06	18
Aizawl		IN	31	17
Aachen		DE	07	17
Aqtöbe	Aqtobe	KZ	04	17
Aral		CN	13	17
Augsburg		DE	02	17
Al Mukallā	Al Mukalla	YE	04	17
Altona		DE	04	16
Āvadi	Avadi	IN	25	16
A Coruña	A Coruna	ES	58	16
Angarsk		RU	20	16
Aswan		EG	16	16
Anantapur		IN	02	16
Århus	Arhus	DK	18	15
Al Jubayl		SA	06	15
Atsugi		JP	19	15
Al Minyā	Al Minya	EG	10	15
Ajman		AE	02	15
Ashdod		IL	01	14
Adıyaman	Adiyaman	TR	02	14
Arrah		IN	34	14
Ageoshimo		JP	34	14
Amarnāth	Amarnath	IN	16	14
Alor Setar		MY	02	14
Abha		SA	11	14
Arroyo Naranjo		CU	02	14
Arroyo Naranjo		CU	02	14
Antakya		TR	31	14
Arlington		US	VA	13
Annaba		DZ	37	13
Alcalá de Henares	Alcala de Henares	ES	29	13
Agartala		IN	26	13
Achiaman		GH	01	13
Al Khums		LY	82	13
Az Zāwīyah	Az Zawiyah	LY	68	13
Armavir		RU	38	13
Āmol	Amol	IR	35	13
Akron		US	OH	13
Aurora		US	IL	13
Americana		BR	27	13
Amarillo		US	TX	12
Al Fallūjah	Al Fallujah	IQ	01	12
Almería	Almeria	ES	51	12
Antsirabe		MG	7670854	12
Ad-Damazin		SD	42	12
Arica		CL	16	12
Aberdeen		GB	SCT	12
Anda		CN	08	12
Atyrau		KZ	06	12
Amadora		PT	14	11
Anjō	Anjo	JP	01	11
Ar Raqqah		SY	04	11
Alleppey		IN	13	11
Almere Stad		NL	16	11
Amroha		IN	36	11
Araçatuba	Aracatuba	BR	27	11
Albacete		ES	54	11
Arad		RO	02	11
Araraquara		BR	27	11
Angers		FR	52	11
Alcorcón	Alcorcon	ES	29	11
Awka		NG	25	11
Abakan		RU	31	11
Arapiraca		BR	02	11
Ādoni	Adoni	IN	02	10
Aydın	Aydin	TR	09	10
Anbu		CN	30	10
Ashikaga		JP	38	10
Admiralteisky		RU	66	10
Ambato		EC	19	10
Alandur		IN	25	10
Angra dos Reis		BR	21	10
As Samawah		IQ	03	10
Aksaray		TR	75	10
Abbotsford		CA	02	10
Arganzuela		ES	29	9
Astanajapura		ID	30	9
As Sālimīyah	As Salimiyah	KW	08	9
Aktau		KZ	09	9
Aix-en-Provence		FR	93	9
Ambāla	Ambala	IN	10	9
Afyonkarahisar		TR	03	9
Acheng		CN	08	9
Acarigua		VE	18	9
Amiens		FR	32	9
Arnhem		NL	03	9
Al’met’yevsk	Al'met'yevsk	RU	73	9
Ayacucho		PE	05	9
Alexandria		US	VA	9
Amersfoort		NL	09	9
Altay		CN	13	9
Ānand	Anand	IN	09	9
Apeldoorn		NL	03	9
Ajdabiya		LY	83	8
Adiwerna		ID	07	8
Abakaliki		NG	53	8
Ankang		CN	26	8
Abiko		JP	04	8
Al Bāb	Al Bab	SY	09	8
Abohar		IN	23	8
Acilia-Castel Fusano-Ostia Antica		IT	07	8
Andong		KR	14	8
Arish		EG	27	8
Al Manāqil	Al Manaqil	SD	38	8
Asaka		JP	34	8
Amaigbo		NG	45	8
Angren		UZ	14	8
Anmore		CA	02	8
Al Jadīd	Al Jadid	LY	75	8
Agadez		NE	01	8
Alagoinhas		BR	05	8
Az Zubayr		IQ	02	8
Amherst		US	NY	8
Aalborg		DK	19	8
Abbottābād	Abbottabad	PK	03	8
Aïn Oussera	Ain Oussera	DZ	22	7
Ādilābād	Adilabad	IN	40	7
Allentown		US	PA	7
Achinsk		RU	91	7
Anaco		VE	02	7
Abilene		US	TX	7
Athens		US	GA	7
Azamgarh		IN	36	7
Ahmadpur East		PK	04	7
Algeciras		ES	51	7
Alchevs’k	Alchevs'k	UA	14	7
Ann Arbor		US	MI	7
Alanya		TR	07	7
Apopa		SV	10	7
Ashoknagar Kalyangarh		IN	28	7
Araucária	Araucaria	BR	18	7
Achalpur		IN	16	7
Atibaia		BR	27	7
Ambur		IN	25	7
Araruama		BR	21	7
Arzamas		RU	51	7
An Nuhūd	An Nuhud	SD	62	7
Atbara		SD	53	7
Alcobendas		ES	29	7
Araras		BR	27	7
As Suwayq		OM	11	7
Apucarana		BR	18	7
Al Ḩawāmidīyah	Al Hawamidiyah	EG	08	7
Arvada		US	CO	7
Ashqelon		IL	01	7
Arjawinangun		ID	30	7
Aïn Beïda	Ain Beida	DZ	29	7
Azare		NG	46	7
Anqiu		CN	25	7
Araguaína	Araguaina	BR	31	7
Al Fāw	Al Faw	IQ	02	6
Abengourou		CI	85	6
Akademicheskoe		RU	42	6
Antioch		US	CA	6
Artëm	Artem	RU	59	6
Assis		BR	27	6
Argenteuil		FR	11	6
Abū Kabīr	Abu Kabir	EG	14	6
Anyama		CI	82	6
Airoli		IN	16	6
Alamar		CU	02	6
Amreli		IN	09	6
Akhmīm	Akhmim	EG	24	6
Al Maţarīyah	Al Matariyah	EG	01	6
Acharnés	Acharnes	GR	ESYE31	6
Apatzingán	Apatzingan	MX	16	6
Andria		IT	13	6
Akbarābād	Akbarabad	IR	07	6
Al Qaţīf	Al Qatif	SA	06	6
Albany		US	NY	6
Asan		KR	17	6
Ariana		TN	38	6
Arapongas		BR	18	6
Al Muharraq		BH	15	6
Amalner		IN	16	6
Azimpur		BD	81	6
Araguari		BR	15	6
Aurangābād	Aurangabad	IN	34	6
As Safīrah	As Safirah	SY	09	6
Aqaba		JO	21	6
As Salamīyah	As Salamiyah	SY	10	6
Alkmaar		NL	07	6
Ahar		IR	33	6
Al Hārithah	Al Harithah	IQ	02	6
Arden-Arcade		US	CA	6
Ağrı	Agri	TR	04	6
Alīgūdarz	Aligudarz	IR	23	6
Ajax		CA	08	6
Ancona		IT	10	5
Avignon		FR	93	5
Almirante Tamandaré	Almirante Tamandare	BR	18	5
Ashiya		JP	13	5
Alaghsas		NE	01	5
Al Bāḩah	Al Bahah	SA	02	5
Arayat		PH	03	5
Ath Thawrah		SY	04	5
Ārifwāla	Arifwala	PK	04	5
Alegrete		BR	23	5
Angono		PH	40	5
Ad Douiem		SD	41	5
Akot		IN	16	5
Asnières-sur-Seine	Asnieres-sur-Seine	FR	11	5
Al Farwānīyah	Al Farwaniyah	KW	07	5
Apartadó	Apartado	CO	02	5
Atlixco		MX	21	5
Attock City		PK	04	5
Aruppukkottai		IN	25	5
Al Marj		LY	66	5
Amsterdam-Zuidoost		NL	07	5
Aflou		DZ	25	5
Akhisar		TR	45	5
Ambarawa		ID	07	5
Anakāpalle	Anakapalle	IN	02	5
Allen		US	TX	5
Avilés	Aviles	ES	34	5
Asheville		US	NC	5
Alhambra		US	CA	5
Antsiranana		MG	7670842	5
Amasya		TR	05	5
Ash Shaţrah	Ash Shatrah	IQ	09	5
Algorta		ES	59	5
Araxá	Araxa	BR	15	5
Anzhero-Sudzhensk		RU	29	5
Ashmūn	Ashmun	EG	09	5
Abomey		BJ	18	5
Azov		RU	61	5
Abreu e Lima		BR	30	5
Agboville		CI	74	5
Ar Rass		SA	08	5
Al Ḩasakah	Al Hasakah	SY	01	5
Avaré	Avare	BR	27	5
Atakpamé	Atakpame	TG	25	5
Aulnay-sous-Bois		FR	11	5
Artemivs’k	Artemivs'k	UA	05	5
As Salţ	As Salt	JO	02	5
Anantnag		IN	12	5
Amstelveen		NL	07	5
Ar Rifā‘	Ar Rifa'	BH	17	5
Arakkonam		IN	25	5
Agulu		NG	25	5
Arona		ES	53	5
Al Ḩayy	Al Hayy	IQ	16	5
Alafaya		US	FL	5
Abaetetuba		BR	16	5
Alekseyevka		RU	47	5
Aalst		BE	VLG	5
Albany		US	GA	5
Apalit		PH	03	5
Amozoc de Mota		MX	21	5
Arraiján	Arraijan	PA	08	5
Arnsberg		DE	07	5
Antibes		FR	93	5
Arezzo		IT	16	5
Avondale		US	AZ	5
Azzaba		DZ	31	5
Arlington Heights		US	IL	5
Ar Ramthā	Ar Ramtha	JO	18	4
Alvand		IR	36	4
Ankleshwar		IN	09	4
António Enes	Antonio Enes	MZ	06	4
Al Bayḑā’	Al Bayda'	LY	63	4
Asbest		RU	71	4
Aylesbury		GB	ENG	4
Aramoko-Ekiti		NG	54	4
Abéché	Abeche	TD	12	4
Ambājogāi	Ambajogai	IN	16	4
Alameda		US	CA	4
Aku		NG	47	4
Al Buraymī	Al Buraymi	OM	10	4
Asaba		NG	36	4
Aguachica		CO	10	4
Araure		VE	18	4
Ambikāpur	Ambikapur	IN	37	4
Almelo		NL	15	4
Appleton		US	WI	4
Aïn Touta	Ain Touta	DZ	03	4
Ash Shafā	Ash Shafa	SA	14	4
Arujá	Aruja	BR	27	4
Afikpo		NG	53	4
Amatitlán	Amatitlan	GT	07	4
Apomu		NG	42	4
Alfenas		BR	15	4
Agios Dimitrios		GR	ESYE31	4
Abū Tīj	Abu Tij	EG	17	4
Anlu		CN	12	4
Aubervilliers		FR	11	4
Altamira		BR	16	4
Alytus		LT	56	4
Antanifotsy		MG	7670854	4
Auraiya		IN	36	4
Alphen aan den Rijn		NL	11	4
Adler		RU	38	4
Auburn		US	WA	4
Alcalá de Guadaira	Alcala de Guadaira	ES	51	4
Aigáleo	Aigaleo	GR	ESYE31	4
Abhar		IR	36	4
Ārba Minch’	Arba Minch'	ET	54	4
Arauca		CO	03	4
Anseong		KR	13	4
Apple Valley		US	CA	4
Abnūb	Abnub	EG	17	4
Aschaffenburg		DE	02	4
Agua Prieta		MX	26	4
Aïn Fakroun	Ain Fakroun	DZ	29	4
Al Qūşīyah	Al Qusiyah	EG	17	4
Al Jamālīyah	Al Jamaliyah	EG	01	4
Al Faḩāḩīl	Al Fahahil	KW	04	4
Attili		IN	02	4
Artemisa		CU	AR	4
Ardeşen	Ardesen	TR	53	4
Altamura		IT	13	4
Al Khārijah	Al Kharijah	EG	13	4
Agbor		NG	36	4
Al Manzilah		EG	01	4
Arāria	Araria	IN	34	4
Aalen		DE	01	4
Anjār	Anjar	IN	09	4
Aleksin		RU	76	4
Ambovombe		MG	7670911	4
Akbou		DZ	18	4
Alba Iulia		RO	01	4
Atascocita		US	TX	4
Al Marsá	Al Marsa	TN	36	4
Afgooye		SO	14	4
Aquiraz		BR	06	4
Ādīgrat	Adigrat	ET	53	4
Ashoknagar		IN	35	4
Ahlat		TR	13	4
Akşehir	Aksehir	TR	71	4
Alessandria		IT	12	4
Aleksandrov		RU	83	4
Awsīm	Awsim	EG	08	4
Al Fashn		EG	18	4
Aïn Sefra	Ain Sefra	DZ	49	4
Auchi		NG	37	4
Ārani	Arani	IN	25	4
Ashford		GB	ENG	4
Afragola		IT	04	4
Al Khānkah	Al Khankah	EG	12	4
Al Fujayrah		AE	04	4
Armadale		AU	08	4
Abepura		ID	36	4
Assen		NL	01	4
Adzopé	Adzope	CI	82	4
Al Qurayn		EG	14	4
Antratsyt		UA	14	4
Alcoy		ES	60	4
Aldershot		GB	ENG	4
Asti		IT	12	4
Apatity		RU	49	4
Abū Qurqāş	Abu Qurqas	EG	10	4
Al Manshāh	Al Manshah	EG	24	4
Anuradhapura		LK	30	4
Al Mithnab		SA	08	4
Arāmbāgh	Arambagh	IN	28	4
Akim Oda		GH	05	4
Adelaide Hills		AU	05	4
Atlantis		ZA	11	4
Antony		FR	11	3
Agía Paraskeví	Agia Paraskevi	GR	ESYE31	3
Asadābād	Asadabad	IR	09	3
Azua		DO	01	3
Arrecife		ES	53	3
As Suwaydā’	As Suwayda'	SY	05	3
Ames		US	IA	3
Ardakān	Ardakan	IR	40	3
Attur		IN	25	3
Arsen’yev	Arsen'yev	RU	59	3
Aracruz		BR	08	3
Ar Rumaythīyah	Ar Rumaythiyah	KW	08	3
Ariquemes		BR	24	3
Anxiang		CN	11	3
Ash Shāmīyah	Ash Shamiyah	IQ	04	3
Ālbū Kamāl	Albu Kamal	SY	07	3
Alpharetta		US	GA	3
Al Hindīyah	Al Hindiyah	IQ	12	3
Aïn Temouchent	Ain Temouchent	DZ	36	3
Arcoverde		BR	30	3
Anamur		TR	32	3
Ābādeh	Abadeh	IR	07	3
Ávila	Avila	ES	55	3
Asaka		UZ	01	3
Arcadia		US	CA	3
Al Qanāţir al Khayrīyah	Al Qanatir al Khayriyah	EG	12	3
Acámbaro	Acambaro	MX	11	3
Anderson		US	IN	3
Ambilobe		MG	7670842	3
Arua		UG	N	3
At Tall		SY	08	3
Amuntai		ID	12	3
Anan		JP	39	3
Anjiang		CN	11	3
Ahlen		DE	07	3
Ābyek	Abyek	IR	34	3
Abancay		PE	03	3
Anjangaon		IN	16	3
Altamira		MX	28	3
Al Khafjī	Al Khafji	SA	06	3
Al Mayādīn	Al Mayadin	SY	07	3
Ad Dawādimī	Ad Dawadimi	SA	10	3
Ajaccio		FR	94	3
Allapattah		US	FL	3
Aveiro		PT	02	3
Aranjuez		ES	29	3
Altuf’yevskiy	Altuf'yevskiy	RU	48	3
Azul		AR	01	3
Acton		GB	ENG	3
Anapa		RU	38	3
Acerra		IT	04	3
Arles		FR	93	3
Auburn		US	AL	3
Ajodhya		IN	36	3
Ar Rastan		SY	11	3
Az Zulfi		SA	10	3
Alexandroúpoli	Alexandroupoli	GR	ESYE11	3
Aversa		IT	04	3
Adilcevaz		TR	13	3
Amalāpuram	Amalapuram	IN	02	3
Amora		PT	19	3
Albi		FR	76	3
Andradina		BR	27	3
Aïn Defla	Ain Defla	DZ	35	3
Asenovgrad		BG	51	3
Ar Riqqah		KW	04	3
Arcot		IN	25	3
At Tall al Kabīr	At Tall al Kabir	EG	07	3
Amparafaravola		MG	7670851	3
Arganda		ES	29	3
Agustín Codazzi	Agustin Codazzi	CO	10	3
Al Miqdādīyah	Al Miqdadiyah	IQ	10	3
Arjona		CO	35	3
Ābu Road	Abu Road	IN	24	3
Al Khābūrah	Al Khaburah	OM	11	3
Anju		KP	15	3
Albany		US	OR	3
Aonla		IN	36	3
Akademgorodok		RU	53	3
Al-Hamdaniya		IQ	15	3
Acireale		IT	15	3
Angoulême	Angouleme	FR	75	3
Aloha		US	OR	3
An Nabk		SY	08	3
Alexandria		RO	35	3
Arecibo		PR	013	3
Annecy		FR	84	3
Abū ‘Arīsh	Abu `Arish	SA	17	3
Apple Valley		US	MN	3
Al Balyanā	Al Balyana	EG	24	3
Aspen Hill		US	MD	3
Asadābād	Asadabad	AF	34	3
Ami		JP	14	3
Azrou		MA	48	3
Annaka		JP	10	3
Alaşehir	Alasehir	TR	45	3
Avellino		IT	04	3
Ash Shuhadā’	Ash Shuhada'	EG	09	3
Aliso Viejo		US	CA	3
Aībak	Aibak	AF	32	3
Alexandria		US	LA	3
Amahai		ID	28	3
Āzādshahr	Azadshahr	IR	37	3
Aného	Aneho	TG	24	3
Atraulī	Atrauli	IN	36	3
Alajuela		CR	01	3
Aznā	Azna	IR	23	3
Ar Rumaythah		IQ	03	3
Arras		FR	32	3
Amursk		RU	30	3
Acayucan		MX	30	3
Agrínio	Agrinio	GR	ESYE23	3
Al Jubayhah		JO	16	3
Albstadt		DE	01	3
Apizaco		MX	29	3
Azusa		US	CA	3
Alsdorf		DE	07	3
Altoona		US	PA	3
Atarra		IN	36	3
At Tāj	At Taj	LY	65	3
Al Ḩāmūl	Al Hamul	EG	21	3
Antelope		US	CA	3
Albury		AU	02	3
Argungu		NG	40	3
Ankeny		US	IA	3
Ain Sukhna		EG	15	3
Ayr		GB	SCT	3
Anzio		IT	07	3
Ashta		IN	35	3
Antequera		ES	51	3
Akçaabat	Akcaabat	TR	61	3
Aliağa	Aliaga	TR	35	2
Angol		CL	04	2
Aubagne		FR	93	2
Aksu		KZ	11	2
Al ‘Azīzīyah	Al `Aziziyah	IQ	16	2
Amberg		DE	02	2
Alzira		ES	60	2
Avtovo		RU	66	2
Akhtubinsk		RU	07	2
Aliwal North		ZA	05	2
Alcamo		IT	15	2
Angul		IN	21	2
Aracati		BR	06	2
Arsikere		IN	19	2
Al Badārī	Al Badari	EG	17	2
Ålesund	Alesund	NO	08	2
Alapayevsk		RU	71	2
Adrar		DZ	34	2
Ashton-under-Lyne		GB	ENG	2
Attleboro		US	MA	2
Ashburn		US	VA	2
Augusta		US	GA	2
Araranguá	Ararangua	BR	26	2
Arandas		MX	14	2
Alabel		PH	12	2
Adeje		ES	53	2
Ambatondrazaka		MG	7670851	2
Agnibilékrou	Agnibilekrou	CI	85	2
Awbārī	Awbari	LY	84	2
Al Qanāyāt	Al Qanayat	EG	14	2
Al Musayyib		IQ	06	2
Arlington		US	MA	2
Āstāneh-ye Ashrafīyeh	Astaneh-ye Ashrafiyeh	IR	08	2
Altadena		US	CA	2
Alt-Hohenschönhausen	Alt-Hohenschoenhausen	DE	16	2
Abashiri		JP	12	2
Alès	Ales	FR	76	2
Aş Şuwayrah	As Suwayrah	IQ	16	2
Amagi		JP	07	2
Alatyr’	Alatyr'	RU	16	2
Autlán de Navarro	Autlan de Navarro	MX	14	2
Athni		IN	19	2
Arkalyk		KZ	13	2
Artigas		UY	01	2
Ārvi	Arvi	IN	16	2
Ascoli Piceno		IT	10	2
Asahi		JP	04	2
Álimos	Alimos	GR	ESYE31	2
Altrincham		GB	ENG	2
Apopka		US	FL	2
Amancio		CU	13	2
Auxerre		FR	27	2
Amparo		BR	27	2
Altamonte Springs		US	FL	2
Abū al Maţāmīr	Abu al Matamir	EG	03	2
Axum		ET	53	2
Angat		PH	03	2
Aprilia		IT	07	2
Alcantarilla		ES	31	2
Al Quşayr	Al Qusayr	SY	11	2
Annandale		US	VA	2
Atami		JP	37	2
Anglet		FR	75	2
Acacías	Acacias	CO	19	2
Azazga		DZ	14	2
Ambāh	Ambah	IN	35	2
Apsheronsk		RU	38	2
Akivīdu	Akividu	IN	02	2
Apia		WS	10	2
Artur Nogueira		BR	27	2
Ad Dilinjāt	Ad Dilinjat	EG	03	2
Alta Gracia		AR	05	2
Aurich		DE	06	2
Arawa		PG	07	2
Ahmadpur		IN	16	2
Altagracia de Orituco		VE	12	2
Az Zarqā	Az Zarqa	EG	20	2
Andover		GB	ENG	2
Alekseyevka		RU	09	2
Afşin	Afsin	TR	46	2
Atlantic City		US	NJ	2
Abadan		TM	01	2
Ağdam	Agdam	AZ	03	2
Asamankese		GH	05	2
Antigua Guatemala		GT	16	2
Akalkot		IN	16	2
Aroor		IN	13	2
Amudālavalasa	Amudalavalasa	IN	02	2
Andújar	Andujar	ES	51	2
Āstārā	Astara	IR	08	2
Aland		IN	19	2
Al Manqaf		KW	04	2
Aksay		RU	61	2
Aweil		SS	05	2
Araripina		BR	30	2
Altenburg		DE	15	2
Alderetes		AR	24	2
Annapolis		US	MD	2
Aş Şaff	As Saff	EG	08	2
Al Bīrah	Al Birah	PS	WE	2
Ahaus		DE	07	2
Arnold		GB	ENG	2
Al Bayḑā’	Al Bayda'	YE	20	2
Avezzano		IT	01	2
Aboisso		CI	89	2
Ayabe		JP	22	2
Apex		US	NC	2
Al Wāsiţah	Al Wasitah	EG	04	2
Arrah		CI	81	2
Ataq		YE	05	2
Alfortville		FR	11	2
Aïn el Bya	Ain el Bya	DZ	09	2
Abingdon		GB	ENG	2
Azemmour		MA	51	2
Addison		US	IL	2
Akbarpur		IN	36	2
Anekal		IN	19	2
Arris		DZ	03	2
Al Bājūr	Al Bajur	EG	09	2
Attingal		IN	13	2
Ar Rābiyah	Ar Rabiyah	KW	02	2
Arys		KZ	10	2
Arucas		ES	53	2
Al Qunayţirah	Al Qunaytirah	SY	03	2
Açu	Acu	BR	22	2
An Nuşayrāt	An Nusayrat	PS	GZ	2
Agua Dulce		MX	30	2
Amboasary		MG	7670910	2
Akoupé	Akoupe	CI	82	2
Ayteke Bi		KZ	14	2
Ameca		MX	14	2
Apache Junction		US	AZ	2
Avdiyivka		UA	05	2
Atambua		ID	18	2
Aventura		US	FL	2
Abovyan		AM	05	2
Arantāngi	Arantangi	IN	25	2
Abucay		PH	03	2
Ashta		IN	16	2
Abay		KZ	12	2
Airdrie		GB	SCT	2
Ad Dilam		SA	10	2
Accrington		GB	ENG	2
Aquidauana		BR	11	2
Ayvalık	Ayvalik	TR	10	2
Aketi		CD	09	2
Akçakoca	Akcakoca	TR	93	2
Atmakūr	Atmakur	IN	02	2
Alhaurín de la Torre	Alhaurin de la Torre	ES	51	2
Aïn Arnat	Ain Arnat	DZ	12	2
Arima		TT	01	2
Agdzhabedy		AZ	02	2
Al Burayj		PS	GZ	2
Arzano		IT	04	2
Azogues		EC	04	2
Aqsay		KZ	07	2
Atbasar		KZ	03	2
Al ‘Ayyāţ	Al `Ayyat	EG	08	2
Amnat Charoen		TH	77	2
Aurillac		FR	84	2
Ajā	Aja	EG	01	2
Abinsk		RU	38	2
Al Ibrāhīmīyah	Al Ibrahimiyah	EG	14	2
Asipovichy		BY	06	2
Águilas	Aguilas	ES	31	2
Agar		IN	35	2
Adrano		IT	15	2
Angamāli	Angamali	IN	13	2
Agen		FR	75	2
Américo Brasiliense	Americo Brasiliense	BR	27	2
Alghero		IT	14	2
Aoji-ri		KP	17	2
Aparecida		BR	27	2
Ágioi Anárgyroi	Agioi Anargyroi	GR	ESYE31	2
Ausa		IN	16	2
Antalaha		MG	7670846	2
Ahuachapán	Ahuachapan	SV	01	2
Argyroúpoli	Argyroupoli	GR	ESYE31	2
Aliaga		PH	03	2
Almada		PT	19	2
Além Paraíba	Alem Paraiba	BR	15	2
Antiguo Cuscatlán	Antiguo Cuscatlan	SV	05	2
Artëmovskiy	Artemovskiy	RU	71	2
Albany		AU	08	2
Alīpur	Alipur	PK	04	2
Almendralejo		ES	57	2
Áno Liósia	Ano Liosia	GR	ESYE31	2
As Sūkī	As Suki	SD	58	2
Ayagoz		KZ	15	2
Āmli	Amli	IN	06	2
Arcos		BR	15	2
Alcabideche		PT	14	2
Anūpgarh	Anupgarh	IN	24	2
Atamyrat		TM	04	2
Ancaster		CA	08	2
Aparri		PH	02	2
Āreka	Areka	ET	54	2
Auburn		AU	02	2
Aral		KZ	14	2
Asha		RU	13	2
Az Zintān	Az Zintan	LY	80	2
Aranda de Duero		ES	55	2
Aberdare		GB	WLS	2
Azuqueca de Henares		ES	54	2
Al Abyār	Al Abyar	LY	66	2
Agrigento		IT	15	2
Aïn Kercha	Ain Kercha	DZ	29	2
Aguilares		AR	24	2
Almora		IN	39	2
Al ‘Ulá	Al 'Ula	SA	05	2
Aioi		JP	13	2
Aosta		IT	19	2
Akçakale	Akcakale	TR	63	2
Antsohimbondrona		MG	7670842	2
Ambasamudram		IN	25	2
Anbyŏn-ŭp	Anbyon-up	KP	09	2
Ansbach		DE	02	2
Adelanto		US	CA	2
Al Qaryatayn		SY	11	2
Amecameca		MX	15	2
Allanridge		ZA	03	2
Angri		IT	04	2
Agogo		GH	02	2
Alaminos		PH	40	2
Ajka		HU	23	2
Athis-Mons		FR	11	2
Arcos de la Frontera		ES	51	2
Adamantina		BR	27	2
Arendal		NO	02	2
Agudos		BR	27	2
Alençon	Alencon	FR	28	2
Āsbe Teferī	Asbe Teferi	ET	51	2
Augusta		IT	15	2
Alcázar de San Juan	Alcazar de San Juan	ES	54	2
Abbiategrasso		IT	09	2
Ambanja		MG	7670842	2
Andover		US	MN	2
Anta		IN	24	2
Āsosa	Asosa	ET	47	2
Alamogordo		US	NM	2
Alaquàs	Alaquas	ES	60	2
Ambositra		MG	7670904	2
Alabaster		US	AL	2
Alushta		UA	11	2
Asprópyrgos	Aspropyrgos	GR	ESYE31	2
Arrentela		PT	19	2
Ahrensburg		DE	10	2
Ashburton		NZ	E9	2
Ar Rudayyif		TN	30	2
Algonquin		US	IL	2
Achim		DE	06	2
Annino		RU	47	2
Amin’yevo	Amin'yevo	RU	48	2
Annino		RU	48	2
Atamaría	Atamaria	ES	31	2
Albertslund		DK	17	2
Amla		IN	35	1
Araklı	Arakli	TR	61	1
Aldaia		ES	60	1
Affery		CI	82	1
Ambad		IN	16	1
Aringay		PH	01	1
Arteixo		ES	58	1
Augustów	Augustow	PL	81	1
Anloga		GH	08	1
Austintown		US	OH	1
Adūr	Adur	IN	13	1
Andernach		DE	08	1
Ārangaon	Arangaon	IN	16	1
Az Zabadānī	Az Zabadani	SY	08	1
Alma		CA	10	1
Aiken		US	SC	1
Abqaiq		SA	06	1
Aïn Bessem	Ain Bessem	DZ	21	1
Angochi		AW	00	1
Atimonan		PH	40	1
Almenara		BR	15	1
Andkhōy	Andkhoy	AF	07	1
Ariyalūr	Ariyalur	IN	25	1
Ashton in Makerfield		GB	ENG	1
Asse		BE	VLG	1
Agoo		PH	01	1
Aïn Smara	Ain Smara	DZ	04	1
Agüimes	Aguimes	ES	53	1
Am Timan		TD	13	1
Ar Ruseris		SD	42	1
Asilah		MA	57	1
Ararat		AM	02	1
Altos		BR	20	1
Agawam		US	MA	1
Al Hasaheisa		SD	38	1
Adjumani		UG	N	1
Amphoe Sikhiu		TH	27	1
Avola		IT	15	1
Ālangulam	Alangulam	IN	25	1
Addanki		IN	02	1
Ambatolampy		MG	7670854	1
Acaraú	Acarau	BR	06	1
Aiud		RO	01	1
Atascadero		US	CA	1
Algemesí	Algemesi	ES	60	1
Annemasse		FR	84	1
Āgaro	Agaro	ET	51	1
Adrogué	Adrogue	AR	01	1
Allen Park		US	MI	1
Atwater		US	CA	1
Argun		RU	12	1
Ambalavao		MG	7670905	1
Ancud		CL	14	1
Aleysk		RU	04	1
Aleksandrovskoye		RU	70	1
Aso		JP	21	1
Adirampattinam		IN	25	1
Alton		US	IL	1
Afzalgarh		IN	36	1
Aracataca		CO	38	1
Aleshtar		IR	23	1
Almuñécar	Almunecar	ES	51	1
Auburn		US	NY	1
Águas Santas	Aguas Santas	PT	17	1
Aarschot		BE	VLG	1
Aix-les-Bains		FR	84	1
Az̧ Z̧āhirīyah	Az Zahiriyah	PS	WE	1
Atkarsk		RU	67	1
Annau		TM	01	1
Altstadt Sud		DE	07	1
Aguaí	Aguai	BR	27	1
Arai		JP	29	1
Ans		BE	WAL	1
Asino		RU	75	1
Alaca		TR	19	1
Atotonilco el Alto		MX	14	1
Amés	Ames	ES	58	1
Aripuanã	Aripuana	BR	14	1
Amirdzhan		AZ	09	1
Åkersberga	Akersberga	SE	26	1
Andradas		BR	15	1
Actopan		MX	13	1
Anderson		US	SC	1
Albano Laziale		IT	07	1
Ath		BE	WAL	1
Alīganj	Aliganj	IN	36	1
Armentières	Armentieres	FR	32	1
Al Wajh		SA	19	1
Acocks Green		GB	ENG	1
Agía Varvára	Agia Varvara	GR	ESYE31	1
Abbeville		FR	32	1
Al Wakrah		QA	10	1
Altglienicke		DE	16	1
Apan		MX	13	1
Al Liwā’	Al Liwa'	OM	11	1
Ad Dujayl		IQ	18	1
Ayorou		NE	09	1
Alenquer		BR	16	1
Ar Rahad		SD	56	1
American Fork		US	UT	1
Ariguaní	Ariguani	CO	10	1
Arlon		BE	WAL	1
Arraial do Cabo		BR	21	1
Aksu		KZ	10	1
Aberdeen		US	SD	1
Allen		AR	16	1
Armyans’k	Armyans'k	UA	11	1
Ambatofinandrahana		MG	7670904	1
Armavir		AM	03	1
Ankazoabo		MG	7670913	1
Ash Shaykh Miskīn	Ash Shaykh Miskin	SY	06	1
Aserrí	Aserri	CR	08	1
Amizour		DZ	18	1
Abasolo		MX	11	1
Almozara		ES	52	1
Avanigadda		IN	02	1
Annigeri		IN	19	1
Almansa		ES	54	1
Amangarh		PK	03	1
Aş Şanamayn	As Sanamayn	SY	06	1
Ampanihy		MG	7670913	1
Arnstadt		DE	15	1
Arvayheer		MN	15	1
Apaseo el Alto		MX	11	1
Aţ Ţafīlah	At Tafilah	JO	12	1
Ayutuxtepeque		SV	10	1
Āsandh	Asandh	IN	10	1
Anūpshahr	Anupshahr	IN	36	1
Assemini		IT	14	1
Anserma		CO	24	1
Alice Springs		AU	03	1
Al Bukayrīyah	Al Bukayriyah	SA	08	1
Arumuganeri		IN	25	1
Anloo		NL	01	1
Akune		JP	18	1
Ahraura		IN	36	1
Akyazı	Akyazi	TR	54	1
Afogados da Ingazeira		BR	30	1
Asheboro		US	NC	1
Ampahana		MG	7670846	1
Ābu	Abu	IN	24	1
Ábidos	Abidos	BR	16	1
Almassora		ES	60	1
Alba		IT	12	1
Aschersleben		DE	14	1
Ahmadpur Siāl	Ahmadpur Sial	PK	04	1
Ar Rām wa Ḑāḩiyat al Barīd	Ar Ram wa Dahiyat al Barid	PS	WE	1
Alingsås	Alingsas	SE	28	1
Aoulef		DZ	34	1
Apolda		DE	15	1
Attendorn		DE	07	1
Alicia		PH	02	1
Austin		US	MN	1
Adh Dhayd		AE	06	1
Airdrie		CA	01	1
Aci Catena		IT	15	1
Arauco		CL	06	1
Al Quşayr	Al Qusayr	EG	02	1
Andol		IN	40	1
Al Qubbah		LY	70	1
Acopiara		BR	06	1
Athi River		KE	31	1
Al Ḩawātah	Al Hawatah	SD	39	1
Axim		GH	09	1
Auch		FR	76	1
Achern		DE	01	1
Āndippatti	Andippatti	IN	25	1
Aldan		RU	63	1
Adra		ES	51	1
Avinashi		IN	25	1
Aranđelovac	Arangelovac	RS	SE	1
Anjad		IN	35	1
Ardmore		US	OK	1
Al Jahrā’	Al Jahra'	KW	05	1
Āron	Aron	IN	35	1
Aleksotas		LT	57	1
Artvin		TR	08	1
Alvin		US	TX	1
Ajalpan		MX	21	1
An Nimāş	An Nimas	SA	11	1
Ayakudi		IN	25	1
Aluva		IN	13	1
As Sulayyil		SA	10	1
Ati		TD	01	1
Andenne		BE	WAL	1
Abou el Hassan		DZ	41	1
Atar		MR	07	1
Arhribs		DZ	14	1
Athens		US	OH	1
Āsasa	Asasa	ET	51	1
Al Ḩarāk	Al Harak	SY	06	1
Altea		ES	60	1
Akwatia		GH	05	1
Aluva		IN	13	1
Aguada de Pasajeros		CU	08	1
Asia		PH	06	1
Ağdaş	Agdas	AZ	04	1
Al Kiswah		SY	08	1
Armação de Búzios	Armacao de Buzios	BR	21	1
Alhaurín el Grande	Alhaurin el Grande	ES	51	1
Akora		PK	03	1
Ängelholm	AEngelholm	SE	27	1
Al Mishkhāb	Al Mishkhab	IQ	17	1
Awgu		NG	47	1
Alot		IN	35	1
Anniston		US	AL	1
Arnold		US	MD	1
Annaberg-Buchholz		DE	13	1
Avellaneda		AR	21	1
Al Finţās	Al Fintas	KW	04	1
Auburn		US	ME	1
Akdağmadeni	Akdagmadeni	TR	66	1
Agde		FR	76	1
Ammi Moussa		DZ	51	1
Aalsmeer		NL	07	1
Addiet Canna		ET	46	1
Amstetten		AT	03	1
Arriaga		MX	05	1
Amarpur		IN	34	1
Alcalá la Real	Alcala la Real	ES	51	1
Acajutla		SV	13	1
Álamo	Alamo	MX	30	1
Armidale		AU	02	1
Apaseo el Grande		MX	11	1
Allende		MX	19	1
Ayapel		CO	12	1
Avon Lake		US	OH	1
Apas		PH	07	1
Águas Belas	Aguas Belas	BR	30	1
Achères	Acheres	FR	11	1
Alfreton		GB	ENG	1
Amargosa		BR	05	1
Ambato Boeny		MG	7670849	1
Ādīs Zemen	Adis Zemen	ET	46	1
Alboraya		ES	60	1
Acatzingo		MX	21	1
Ar Ruţbah	Ar Rutbah	IQ	01	1
Alliance		US	OH	1
Arbroath		GB	SCT	1
Atlacomulco		MX	15	1
Árgos	Argos	GR	ESYE25	1
Al Jumūm	Al Jumum	SA	14	1
Adra		IN	28	1
Arrasate / Mondragón	Arrasate / Mondragon	ES	59	1
Araçuaí	Aracuai	BR	15	1
Ashfield		AU	02	1
Ad Dānā	Ad Dana	SY	12	1
Arivonimamo		MG	7670855	1
Andrychów	Andrychow	PL	77	1
Ashland		US	CA	1
Athens		US	AL	1
Árta	Arta	GR	ESYE21	1
A Estrada		ES	58	1
Aïn Taya	Ain Taya	DZ	01	1
Alfter		DE	07	1
Abu Jibeha		SD	50	1
Aghajari		IR	15	1
Almonte		ES	51	1
Amersham		GB	ENG	1
Anthem		US	AZ	1
Ashland		US	KY	1
Álvares Machado	Alvares Machado	BR	27	1
Allison Park		US	PA	1
Annecy-le-Vieux		FR	84	1
Artémida	Artemida	GR	ESYE31	1
Ad Darbāsīyah	Ad Darbasiyah	SY	01	1
Aguilares		SV	10	1
Auburn Hills		US	MI	1
Atoyac de Álvarez	Atoyac de Alvarez	MX	12	1
Allauch		FR	93	1
Allende		MX	30	1
Aţ Ţaraf	At Taraf	SA	06	1
Alandi		IN	16	1
Armilla		ES	51	1
Auerbach		DE	13	1
Akaltara		IN	37	1
Amvrosiyivka		UA	05	1
Assab		ER	03	1
Antsohihy		MG	7670847	1
Arzignano		IT	20	1
Amposta		ES	56	1
Asifābād	Asifabad	IN	40	1
Abdulino		RU	55	1
Avon		US	OH	1
Albertville		US	AL	1
Āsika	Asika	IN	21	1
Adrian		US	MI	1
Aichach		DE	02	1
Ardahan		TR	86	1
Az Zuwaytīnah	Az Zuwaytinah	LY	83	1
Ampasimanolotra		MG	7670857	1
Abrama		IN	09	1
Aytos		BG	39	1
Acton		US	MA	1
Alaplı	Alapli	TR	85	1
Altena		DE	07	1
Alfafar		ES	60	1
Arnold		US	MO	1
Andapa		MG	7670846	1
Alībāg	Alibag	IN	16	1
Alīpur	Alipur	IN	07	1
Al Qayşūmah	Al Qaysumah	SA	06	1
Aristóbulo del Valle	Aristobulo del Valle	AR	14	1
Artashat		AM	02	1
Agoura		US	CA	1
Acquaviva delle Fonti		IT	13	1
Achhnera		IN	36	1
Arbutus		US	MD	1
Almeirim		BR	16	1
Anthiyur		IN	25	1
Andorra la Vella		AD	07	1
Acworth		US	GA	1
Aígio	Aigio	GR	ESYE23	1
Albardón	Albardon	AR	18	1
Abaeté	Abaete	BR	15	1
Ashland		US	OH	1
Asaita		ET	45	1
Ayamonte		ES	51	1
Agoura Hills		US	CA	1
Akkarampalle		IN	02	1
Affton		US	MO	1
Aleksandrów Łódzki	Aleksandrow Lodzki	PL	74	1
Añatuya	Anatuya	AR	22	1
Aranyaprathet		TH	80	1
Algete		ES	29	1
Aspe		ES	60	1
Alor Gajah		MY	04	1
Atherton		GB	ENG	1
Apam		GH	04	1
Ambalangoda		LK	34	1
Astorga		BR	18	1
Aki		JP	20	1
Afzalpur		IN	19	1
Allada		BJ	09	1
Ashland		US	OR	1
Akouda		TN	23	1
Arroyo Seco		AR	21	1
Andreyevskoye		RU	47	1
Al Bawīţī	Al Bawiti	EG	08	1
Al Mijlad		SD	62	1
Anak		KP	07	1
Arpino		IT	04	1
Annur		IN	25	1
Aplahoué	Aplahoue	BJ	12	1
Alhama de Murcia		ES	31	1
Altus		US	OK	1
Alcalde Díaz	Alcalde Diaz	PA	08	1
Alegre		BR	08	1
Andilamena		MG	7670851	1
Aguadas		CO	37	1
Ajnāla	Ajnala	IN	23	1
Aklera		IN	24	1
Alagir		RU	68	1
Antrim		GB	NIR	1
Allende		MX	07	1
Ahfir		MA	54	1
Arroyito		AR	05	1
Al Qarārah	Al Qararah	PS	GZ	1
Akhtyrskiy		RU	38	1
American Canyon		US	CA	1
Aistala		IN	28	1
Ābdānān	Abdanan	IR	10	1
As Samū‘	As Samu`	PS	WE	1
Algés	Alges	PT	14	1
Ayaviri		PE	21	1
Arvin		US	CA	1
Alsip		US	IL	1
Altamont		US	OR	1
Ansonia		US	CT	1
Agidel’	Agidel'	RU	08	1
Anna		RU	86	1
Almoradí	Almoradi	ES	60	1
Aalten		NL	03	1
Arese		IT	09	1
Alfeld		DE	06	1
Augusta		US	ME	1
Aimorés	Aimores	BR	15	1
Ashtabula		US	OH	1
Albertville		FR	84	1
Ashibetsu		JP	12	1
Alice		US	TX	1
Alcúdia	Alcudia	ES	07	1
Amherst Center		US	MA	1
Āmlāgora	Amlagora	IN	28	1
Anjozorobe		MG	7670856	1
Anshing		IN	16	1
Alzenau in Unterfranken		DE	02	1
Al Khawr		QA	04	1
Atalaia		BR	02	1
Alloa		GB	SCT	1
Angleton		US	TX	1
Akbarpur		IN	36	1
Anastácio	Anastacio	BR	11	1
Águas de Lindóia	Aguas de Lindoia	BR	27	1
Aalter		BE	VLG	1
Ashtarak		AM	01	1
Altona Meadows		AU	07	1
Amod		IN	09	1
Ārt Khwājah	Art Khwajah	AF	26	1
Amsterdam		US	NY	1
Agryz		RU	73	1
Acaponeta		MX	18	1
Aue		DE	13	1
Albany		US	CA	1
Avion		FR	32	1
Along		IN	30	1
Annonay		FR	84	1
Aburi		GH	05	1
Aberystwyth		GB	WLS	1
Aydūn	Aydun	JO	18	1
Areia Branca		BR	22	1
Avtury		RU	12	1
Alamo		US	TX	1
Alblasserdam		NL	11	1
Ampara		LK	37	1
Al Qiţena	Al Qitena	SD	41	1
Apatin		RS	VO	1
Amesbury		US	MA	1
Ardon		RU	68	1
Autun		FR	27	1
Apiaí	Apiai	BR	27	1
Al Ḩazm	Al Hazm	YE	21	1
Alzey		DE	08	1
Argentan		FR	28	1
Abano Terme		IT	20	1
Afipskiy		RU	38	1
Archena		ES	31	1
Allschwil		CH	BL	1
Al Mahbūlah	Al Mahbulah	KW	04	1
Anūppur	Anuppur	IN	35	1
Abaza		RU	31	1
Acajete		MX	21	1
Albert Lea		US	MN	1
Aljaraque		ES	51	1
Arukutti		IN	13	1
Arlington		US	WA	1
Altstadt Nord		DE	07	1
Amos		CA	10	1
Ascot		GB	ENG	1
Amorebieta		ES	59	1
Acqui Terme		IT	12	1
Aprelevka		RU	47	1
Alsfeld		DE	05	1
Abergele		GB	WLS	1
Amersham on the Hill		GB	ENG	1
Akureyri		IS	40	1
Ariel		IL	06	1
Aci Castello		IT	15	1
Ad Dasmah		KW	02	1
Allendale		US	MI	1
Axochiapan		MX	17	1
Arang		IN	37	1
Ariccia		IT	07	1
Arbatache		DZ	40	1
Atuntaqui		EC	11	1
Al ‘Ayzarīyah	Al `Ayzariyah	PS	WE	1
Andahuaylas		PE	03	1
Amet		IN	24	1
Andalucía	Andalucia	CO	29	1
Alotenango		GT	16	1
Ālangāyam	Alangayam	IN	25	1
Aileu		TL	AL	1
Al Hilāliyya	Al Hilaliyya	SD	38	1
Agropoli		IT	04	1
Aparecida do Taboado		BR	11	1
Al Jawf		LY	65	1
Arcueil		FR	11	1
Adjud		RO	40	1
Akhaltsikhe		GE	72	1
Ādam	Adam	OM	01	1
An Muileann gCearr		IE	L	1
Arroyo Grande		US	CA	1
Arsk		RU	73	1
Əhmədbəyli	Ahmadbayli	AZ	45	1
Aguadulce		PA	03	1
Arcata		US	CA	1
Askøy	Askoy	NO	07	1
Aghsu		AZ	06	1
Akonolinga		CM	11	1
Anoka		US	MN	1
Albenga		IT	08	1
Albolote		ES	51	1
Amroli		IN	09	1
Ardea		IT	07	1
Americus		US	GA	1
Ādampur	Adampur	IN	23	1
Aurād	Aurad	IN	19	1
Avenel		US	NJ	1
Amboanjo		MG	7670906	1
Ambohitrolomahitsy		MG	7670856	1
Ashwaubenon		US	WI	1
Armeria		MX	08	1
Arcelia		MX	12	1
Alnāvar	Alnavar	IN	19	1
Aberdeen		US	WA	1
Amarpātan	Amarpatan	IN	35	1
Ada		US	OK	1
Årsta	Arsta	SE	26	1
Aragarças	Aragarcas	BR	29	1
Achkhoy-Martan		RU	12	1
Anjala		FI	08	1
Arari		BR	13	1
Akkol’	Akkol'	KZ	03	1
Amaliáda	Amaliada	GR	ESYE23	1
Apodi		BR	22	1
Adelfia		IT	13	1
Āmta	Amta	IN	28	1
Auburn		US	MA	1
Abreus		CU	08	1
Arcore		IT	09	1
Az Zuwāydah	Az Zuwaydah	PS	GZ	1
Āthagarh	Athagarh	IN	21	1
Amaraji		BR	30	1
Anáhuac	Anahuac	MX	19	1
Amadeo		PH	40	1
Al Baţţālīyah	Al Battaliyah	SA	06	1
Alpignano		IT	12	1
Altepexi		MX	21	1
Alton		GB	ENG	1
Adiaké	Adiake	CI	89	1
Artesia		US	CA	1
Albignasego		IT	20	1
Água Preta	Agua Preta	BR	30	1
Andes		CO	02	1
Águas Vermelhas	Aguas Vermelhas	BR	15	1
Alagoa Grande		BR	17	1
Alcañiz	Alcaniz	ES	52	1
Aabenraa		DK	21	1
Abony		HU	16	1
Arroio do Meio		BR	23	1
Al Munayzilah		SA	06	1
Acatlán de Osorio	Acatlan de Osorio	MX	21	1
Augusto Corrêa	Augusto Correa	BR	16	1
Ampliación San Mateo (Colonia Solidaridad)	Ampliacion San Mateo (Colonia Solidaridad)	MX	15	1
Arhavi		TR	08	1
Asten		NL	06	1
Aurora		PH	40	1
Al Yāmūn	Al Yamun	PS	WE	1
Antonina		BR	18	1
Arsin		TR	61	1
Anaimalai		IN	25	1
Al Quţayfah	Al Qutayfah	SY	08	1
Arroio Grande		BR	23	1
Asbury Park		US	NJ	1
Ambarakaraka		MG	7670842	1
Ayang-ni		KP	06	1
Aguadilla		PR	005	1
Ardestān	Ardestan	IR	28	1
Agios Ioannis Rentis		GR	ESYE31	1
Aldridge		GB	ENG	1
Alarobia		MG	7670856	1
Ankazondandy		MG	7670856	1
Ar Ruways		AE	01	1
Abington		US	MA	1
Akwanga		NG	56	1
Athlone		IE	L	1
Albemarle		US	NC	1
Aldine		US	TX	1
Ajra		IN	16	1
Albufeira		PT	09	1
Arzgir		RU	70	1
Apostolove		UA	04	1
Ashland		US	MA	1
Abhayāpuri	Abhayapuri	IN	03	1
Arkalgūd	Arkalgud	IN	19	1
Altotonga		MX	30	1
Altai		MN	10	1
Anacortes		US	WA	1
Artsyz		UA	17	1
Avon Center		US	OH	1
Ankazobe		MG	7670856	1
Āsmār	Asmar	AF	34	1
Anicuns		BR	29	1
Ansfelden		AT	05	1
Aguazul		CO	32	1
Abuyog		PH	08	1
Asunción Mita	Asuncion Mita	GT	11	1
Audincourt		FR	27	1
Aurora		US	OH	1
Anchau		NG	23	1
Alum Rock		US	CA	1
Avenal		US	CA	1
Aarau		CH	AG	1
Aleksandrovsk		RU	90	1
Aşkale	Askale	TR	25	1
Angermünde	Angermuende	DE	11	1
Albal		ES	60	1
Ado Odo		NG	16	1
Avocado Heights		US	CA	1
Atarfe		ES	51	1
Araçoiaba da Serra	Aracoiaba da Serra	BR	27	1
Āsind	Asind	IN	24	1
Altdorf		DE	02	1
Abū Zabad	Abu Zabad	SD	62	1
Adlershof		DE	16	1
Alquízar	Alquizar	CU	AR	1
Aykhal		RU	63	1
Abomsa		ET	46	1
Aramil		RU	71	1
Alborada Jaltenco		MX	15	1
Adliswil		CH	ZH	1
Anandpur		IN	23	1
At-Bashi		KG	04	1
Aleg		MR	05	1
Astara		AZ	08	1
Ascheberg		DE	07	1
Ad Dindar		SD	58	1
Ajaokuta		NG	41	1
Araci		BR	05	1
Adelphi		US	MD	1
Alto Lucero		MX	30	1
Avon		FR	11	1